Date,Close,Volume
2015-01-02,171.5680389404297,121465900
2015-01-05,168.4695587158203,169632600
2015-01-06,166.88278198242188,209151400
2015-01-07,168.96231079101562,125346700
2015-01-08,171.9605712890625,147217800
2015-01-09,170.58251953125,158567300
2015-01-12,169.24627685546875,144396100
2015-01-13,168.77017211914062,214553300
2015-01-14,167.75132751464844,192991100
2015-01-15,166.21461486816406,176613900
2015-01-16,168.39437866210938,211879600
2015-01-20,168.75350952148438,130991100
2015-01-21,169.60540771484375,122942700
2015-01-22,172.1276092529297,174356000
2015-01-23,171.183837890625,117516800
2015-01-26,171.5847625732422,92009700
2015-01-27,169.32144165039062,134044600
2015-01-28,167.1500244140625,168514300
2015-01-29,168.69503784179688,173585400
2015-01-30,166.57376098632812,197729700
2015-02-02,168.63662719726562,163107000
2015-02-03,171.07528686523438,124212900
2015-02-04,170.42385864257812,134306700
2015-02-05,172.14427185058594,97953200
2015-02-06,171.66824340820312,125672000
2015-02-09,170.89993286132812,87219000
2015-02-10,172.7205352783203,96164200
2015-02-11,172.82077026367188,91087800
2015-02-12,174.48275756835938,97545900
2015-02-13,175.2009735107422,93670400
2015-02-17,175.47662353515625,76968200
2015-02-18,175.49330139160156,80652900
2015-02-19,175.36807250976562,91462500
2015-02-20,176.4203338623047,140896400
2015-02-23,176.39529418945312,74411100
2015-02-24,176.89637756347656,72472300
2015-02-25,176.74610900878906,73061700
2015-02-26,176.53724670410156,72697900
2015-02-27,175.93594360351562,108076000
2015-03-02,177.0467071533203,87491400
2015-03-03,176.3201446533203,110325800
2015-03-04,175.5768585205078,114497200
2015-03-05,175.76889038085938,76873000
2015-03-06,173.296875,188128000
2015-03-09,174.0150909423828,89818900
2015-03-10,171.19219970703125,157121300
2015-03-11,170.79132080078125,110145700
2015-03-12,172.96279907226562,93993500
2015-03-13,171.90208435058594,162410900
2015-03-16,174.1988067626953,136099200
2015-03-17,173.6809539794922,94510400
2015-03-18,175.76889038085938,228808500
2015-03-19,174.9671630859375,117917300
2015-03-20,176.5115966796875,177715100
2015-03-23,176.1676025390625,71784500
2015-03-24,175.17776489257812,77805300
2015-03-25,172.6107177734375,159521700
2015-03-26,172.19964599609375,153067200
2015-03-27,172.5939178466797,118939000
2015-03-30,174.69952392578125,96180400
2015-03-31,173.1727294921875,126768700
2015-04-01,172.56036376953125,137303600
2015-04-02,173.18115234375,86900900
2015-04-06,174.3472137451172,114368200
2015-04-07,173.88584899902344,81236300
2015-04-08,174.47305297851562,89351900
2015-04-09,175.24485778808594,85548900
2015-04-10,176.201171875,72722900
2015-04-13,175.40423583984375,74436600
2015-04-14,175.73977661132812,75099900
2015-04-15,176.52833557128906,99529300
2015-04-16,176.47801208496094,68934900
2015-04-17,174.4478759765625,191113200
2015-04-20,176.0417938232422,92189500
2015-04-21,175.83204650878906,72559800
2015-04-22,176.6961212158203,78264600
2015-04-23,177.14071655273438,102585900
2015-04-24,177.5517578125,61327400
2015-04-27,176.81356811523438,79358100
2015-04-28,177.3756103515625,86863500
2015-04-29,176.645751953125,125684900
2015-04-30,174.87571716308594,161304900
2015-05-01,176.77163696289062,103399700
2015-05-04,177.27503967285156,70927200
2015-05-05,175.24485778808594,113326200
2015-05-06,174.52345275878906,135060200
2015-05-07,175.21963500976562,88244900
2015-05-08,177.52667236328125,155877300
2015-05-11,176.6793670654297,75708100
2015-05-12,176.1508331298828,119727600
2015-05-13,176.1844024658203,94667900
2015-05-14,178.02162170410156,95934000
2015-05-15,178.2145233154297,76510100
2015-05-18,178.76821899414062,74549700
2015-05-19,178.70944213867188,72114600
2015-05-20,178.58363342285156,76857500
2015-05-21,179.103759765625,64764600
2015-05-22,178.67593383789062,57433500
2015-05-26,176.75477600097656,124308600
2015-05-27,178.43264770507812,93214000
2015-05-28,178.2312774658203,74974600
2015-05-29,177.1239776611328,124919600
2015-06-01,177.4847412109375,93338800
2015-06-02,177.3085174560547,91531000
2015-06-03,177.77828979492188,87820900
2015-06-04,176.27662658691406,151882800
2015-06-05,175.9746856689453,121704700
2015-06-08,174.89248657226562,89063300
2015-06-09,174.86734008789062,105034700
2015-06-10,176.96456909179688,134551300
2015-06-11,177.5350799560547,73876400
2015-06-12,176.176025390625,135382400
2015-06-15,175.42105102539062,124384200
2015-06-16,176.37733459472656,85308200
2015-06-17,176.66261291503906,126708600
2015-06-18,178.49972534179688,165867900
2015-06-19,177.7073516845703,130478700
2015-06-22,178.6177978515625,70696000
2015-06-23,178.7441864013672,68476800
2015-06-24,177.44602966308594,92307300
2015-06-25,176.90650939941406,97107400
2015-06-26,176.87278747558594,104174800
2015-06-29,173.16366577148438,202621300
2015-06-30,173.52622985839844,182925100
2015-07-01,174.9171142578125,135979900
2015-07-02,174.7569122314453,104373700
2015-07-06,174.25962829589844,117975400
2015-07-07,175.35543823242188,173820200
2015-07-08,172.41348266601562,164020100
2015-07-09,172.725341796875,144113100
2015-07-10,174.90023803710938,129456900
2015-07-13,176.8306427001953,106069400
2015-07-14,177.59776306152344,81709600
2015-07-15,177.53872680664062,97914100
2015-07-16,178.96339416503906,106683300
2015-07-17,179.1151123046875,89030000
2015-07-20,179.20782470703125,70446800
2015-07-21,178.49974060058594,77965000
2015-07-22,178.17942810058594,88667900
2015-07-23,177.17626953125,90509100
2015-07-24,175.3385772705078,117755000
2015-07-27,174.31863403320312,132361100
2015-07-28,176.45974731445312,123544800
2015-07-29,177.67361450195312,105791300
2015-07-30,177.71578979492188,91304400
2015-07-31,177.44602966308594,103266900
2015-08-03,176.84750366210938,113965700
2015-08-04,176.50193786621094,81820800
2015-08-05,177.08352661132812,85786800
2015-08-06,175.63365173339844,116030800
2015-08-07,175.29641723632812,117858000
2015-08-10,177.50503540039062,80270700
2015-08-11,175.9033203125,126081400
2015-08-12,176.1141357421875,172123700
2015-08-13,175.8949432373047,89383300
2015-08-14,176.53561401367188,72786500
2015-08-17,177.52191162109375,79072600
2015-08-18,177.00765991210938,71692700
2015-08-19,175.6083526611328,172946000
2015-08-20,171.94139099121094,194327900
2015-08-21,166.7655792236328,346588500
2015-08-24,159.74363708496094,507244300
2015-08-25,157.86375427246094,369833100
2015-08-26,163.92469787597656,339257000
2015-08-27,167.97943115234375,274143900
2015-08-28,167.9878387451172,160414400
2015-08-31,166.63064575195312,163298800
2015-09-01,161.6571044921875,256000400
2015-09-02,164.72557067871094,160269300
2015-09-03,164.843505859375,152087800
2015-09-04,162.3483428955078,207081000
2015-09-08,166.42837524414062,116025700
2015-09-09,164.20291137695312,149347700
2015-09-10,165.096435546875,158611100
2015-09-11,165.84674072265625,119691200
2015-09-14,165.23130798339844,79452000
2015-09-15,167.296630859375,113806200
2015-09-16,168.7465362548828,99581600
2015-09-17,168.36720275878906,276046600
2015-09-18,165.6158447265625,223657500
2015-09-21,166.47161865234375,105726200
2015-09-22,164.31089782714844,153890900
2015-09-23,164.04818725585938,92790600
2015-09-24,163.45504760742188,159378800
2015-09-25,163.4127197265625,155054800
2015-09-28,159.31150817871094,178515900
2015-09-29,159.4046630859375,159045600
2015-09-30,162.3789520263672,163452000
2015-10-01,162.8026123046875,131079000
2015-10-02,165.2344970703125,211003300
2015-10-05,168.1748809814453,126320800
2015-10-06,167.5986328125,110274500
2015-10-07,168.97134399414062,124307300
2015-10-08,170.49661254882812,153055200
2015-10-09,170.5982666015625,107069200
2015-10-12,170.75929260253906,56395600
2015-10-13,169.68309020996094,88038700
2015-10-14,168.8696746826172,99106200
2015-10-15,171.4626007080078,134142200
2015-10-16,172.2421417236328,114580100
2015-10-19,172.32687377929688,76523900
2015-10-20,172.1065673828125,78448500
2015-10-21,171.03892517089844,102038000
2015-10-22,173.92840576171875,174911700
2015-10-23,175.83499145507812,144442300
2015-10-26,175.4027862548828,69033000
2015-10-27,175.0638885498047,77905800
2015-10-28,177.0551300048828,135906700
2015-10-29,176.9534454345703,90525500
2015-10-30,176.19082641601562,131076900
2015-11-02,178.27529907226562,86270800
2015-11-03,178.79226684570312,95246100
2015-11-04,178.24990844726562,96224500
2015-11-05,178.07191467285156,78408700
2015-11-06,177.97874450683594,110471500
2015-11-09,176.3179473876953,131008700
2015-11-10,176.72470092773438,75874600
2015-11-11,176.02989196777344,67846000
2015-11-12,173.5724639892578,121315200
2015-11-13,171.62359619140625,153577100
2015-11-16,174.23345947265625,117645200
2015-11-17,174.10630798339844,121123700
2015-11-18,176.86868286132812,121342500
2015-11-19,176.7161865234375,88220500
2015-11-20,177.36013793945312,94011500
2015-11-23,177.15684509277344,64931200
2015-11-24,177.39414978027344,98874400
2015-11-25,177.36865234375,51980100
2015-11-27,177.57203674316406,37317800
2015-11-30,176.8347930908203,112822700
2015-12-01,178.5210418701172,97858400
2015-12-02,176.69924926757812,108441300
2015-12-03,174.2249755859375,166224200
2015-12-04,177.62290954589844,192913900
2015-12-07,176.54672241210938,102027100
2015-12-08,175.36044311523438,103372400
2015-12-09,173.99620056152344,162401500
2015-12-10,174.4452667236328,116128900
2015-12-11,171.06431579589844,211173300
2015-12-14,171.92861938476562,182385200
2015-12-15,173.73345947265625,154069600
2015-12-16,176.27557373046875,197017000
2015-12-17,173.5894317626953,173092500
2015-12-18,170.49691772460938,251393500
2015-12-21,171.90341186523438,99094300
2015-12-22,173.46331787109375,111026200
2015-12-23,175.61135864257812,110987200
2015-12-24,175.32150268554688,48539600
2015-12-28,174.92088317871094,65899900
2015-12-29,176.7876434326172,92640700
2015-12-30,175.53465270996094,63317700
2015-12-31,173.77871704101562,114877900
2016-01-04,171.34938049316406,222353500
2016-01-05,171.63912963867188,110845800
2016-01-06,169.47401428222656,152112600
2016-01-07,165.40809631347656,213436100
2016-01-08,163.59249877929688,209817200
2016-01-11,163.7544403076172,187941300
2016-01-12,165.07571411132812,172330500
2016-01-13,160.95860290527344,221168900
2016-01-14,163.6010284423828,240795600
2016-01-15,160.08914184570312,324846400
2016-01-19,160.3022003173828,195244400
2016-01-20,158.2480010986328,286547800
2016-01-21,159.13438415527344,195772900
2016-01-22,162.39915466308594,168319600
2016-01-25,159.9442596435547,130371700
2016-01-26,162.1264190673828,141036800
2016-01-27,160.3618927001953,185681700
2016-01-28,161.197265625,143798800
2016-01-29,165.1268768310547,210529300
2016-02-01,165.06715393066406,136061600
2016-02-02,162.0923309326172,182564900
2016-02-03,163.0640106201172,205054900
2016-02-04,163.31973266601562,139531800
2016-02-05,160.20846557617188,180788300
2016-02-08,158.05194091796875,191526700
2016-02-09,158.0604248046875,184513100
2016-02-10,157.92404174804688,148214100
2016-02-11,155.8697967529297,219058900
2016-02-12,159.08331298828125,127632400
2016-02-16,161.76840209960938,120250700
2016-02-17,164.41079711914062,136009500
2016-02-18,163.7374267578125,102343000
2016-02-19,163.66067504882812,114793000
2016-02-22,166.0303955078125,103640300
2016-02-23,163.93350219726562,111455300
2016-02-24,164.68357849121094,150812200
2016-02-25,166.67820739746094,110728300
2016-02-26,166.29466247558594,129833700
2016-02-29,164.99041748046875,125918100
2016-03-01,168.868896484375,141799700
2016-03-02,169.6275177001953,102415000
2016-03-03,170.29237365722656,95172200
2016-03-04,170.846435546875,129293600
2016-03-07,170.9828643798828,100219000
2016-03-08,169.11607360839844,123974900
2016-03-09,169.95144653320312,94801200
2016-03-10,170.08782958984375,156838700
2016-03-11,172.83253479003906,137964500
2016-03-14,172.61090087890625,73612000
2016-03-15,172.32957458496094,93169100
2016-03-16,173.326904296875,129303200
2016-03-17,174.42648315429688,134278500
2016-03-18,175.11195373535156,138372400
2016-03-21,175.3604278564453,72926700
2016-03-22,175.26614379882812,97471900
2016-03-23,174.10951232910156,81052500
2016-03-24,174.03240966796875,84360900
2016-03-28,174.1351776123047,62408200
2016-03-29,175.74598693847656,92922900
2016-03-30,176.51705932617188,86365300
2016-03-31,176.08868408203125,94584100
2016-04-01,177.2882080078125,114423500
2016-04-04,176.7141876220703,63497000
2016-04-05,174.94915771484375,99662200
2016-04-06,176.85980224609375,91839800
2016-04-07,174.74349975585938,113859000
2016-04-08,175.2147216796875,95040600
2016-04-11,174.8035125732422,83757500
2016-04-12,176.431396484375,115350600
2016-04-13,178.21351623535156,96336400
2016-04-14,178.22207641601562,65212900
2016-04-15,178.02511596679688,75761600
2016-04-18,179.2759552001953,82531000
2016-04-19,179.8414764404297,88316100
2016-04-20,180.01278686523438,81100300
2016-04-21,179.0446319580078,85695000
2016-04-22,179.0446319580078,99251700
2016-04-25,178.73619079589844,66166500
2016-04-26,179.00180053710938,75864200
2016-04-27,179.3702392578125,77329400
2016-04-28,177.7423553466797,97216200
2016-04-29,176.7826690673828,142424100
2016-05-02,178.18785095214844,62188000
2016-05-03,176.63705444335938,106422100
2016-05-04,175.65170288085938,92243800
2016-05-05,175.617431640625,67619200
2016-05-06,176.2600555419922,89315000
2016-05-09,176.40567016601562,74374900
2016-05-10,178.59909057617188,77472200
2016-05-11,176.92832946777344,81727000
2016-05-12,176.9797821044922,89586300
2016-05-13,175.4375457763672,96474600
2016-05-16,177.1682586669922,77486800
2016-05-17,175.51467895507812,114924900
2016-05-18,175.5660400390625,120062100
2016-05-19,174.95770263671875,115430500
2016-05-20,176.06300354003906,104990400
2016-05-23,175.82305908203125,58682600
2016-05-24,178.10215759277344,93537800
2016-05-25,179.31021118164062,76621400
2016-05-26,179.36163330078125,55280700
2016-05-27,180.1327667236328,64211200
2016-05-31,179.79005432128906,109879400
2016-06-01,180.15847778320312,69936200
2016-06-02,180.70680236816406,63044700
2016-06-03,180.1670379638672,101757100
2016-06-06,181.08383178710938,64887000
2016-06-07,181.36656188964844,60974800
2016-06-08,181.95773315429688,66170900
2016-06-09,181.7092742919922,73786900
2016-06-10,179.98712158203125,113829200
2016-06-13,178.59909057617188,117751200
2016-06-14,178.24778747558594,125059300
2016-06-15,177.99937438964844,109124500
2016-06-16,178.5305633544922,149533100
2016-06-17,177.86566162109375,117055700
2016-06-20,179.0111541748047,82789600
2016-06-21,179.5192108154297,72461700
2016-06-22,179.22640991210938,95560500
2016-06-23,181.56044006347656,102731400
2016-06-24,175.04078674316406,333444400
2016-06-27,171.90582275390625,230775800
2016-06-28,175.00633239746094,159382400
2016-06-29,177.98619079589844,137328600
2016-06-30,180.4149932861328,165021900
2016-07-01,180.79393005371094,106055300
2016-07-05,179.49343872070312,109803700
2016-07-06,180.5699920654297,96021500
2016-07-07,180.45803833007812,85593800
2016-07-08,183.14512634277344,133971000
2016-07-11,183.7910919189453,73633900
2016-07-12,185.12600708007812,101275600
2016-07-13,185.10020446777344,87324100
2016-07-14,186.1336669921875,91230900
2016-07-15,185.88392639160156,107155400
2016-07-18,186.3834228515625,58725900
2016-07-19,186.19398498535156,54345700
2016-07-20,186.9690704345703,58159500
2016-07-21,186.26287841796875,67777300
2016-07-22,187.09832763671875,62787500
2016-07-25,186.59019470214844,55873100
2016-07-26,186.6763153076172,70080500
2016-07-27,186.47813415527344,84083900
2016-07-28,186.69349670410156,65035700
2016-07-29,186.99496459960938,79519400
2016-08-01,186.83995056152344,73311400
2016-08-02,185.64276123046875,92295500
2016-08-03,186.1853485107422,53993600
2016-08-04,186.3834228515625,46585500
2016-08-05,187.9078826904297,71892200
2016-08-08,187.79591369628906,39906500
2016-08-09,187.9078826904297,51251700
2016-08-10,187.4427947998047,57941100
2016-08-11,188.3126678466797,72504300
2016-08-12,188.14901733398438,61313500
2016-08-15,188.69161987304688,49813500
2016-08-16,187.71841430664062,53213600
2016-08-17,188.07150268554688,75134300
2016-08-18,188.49349975585938,52989300
2016-08-19,188.2178497314453,75443000
2016-08-22,188.2093048095703,61368800
2016-08-23,188.58827209472656,53399200
2016-08-24,187.62368774414062,71728900
2016-08-25,187.49440002441406,69224800
2016-08-26,187.14134216308594,122506300
2016-08-29,188.06288146972656,70502200
2016-08-30,187.7528839111328,58114500
2016-08-31,187.2188720703125,85269500
2016-09-01,187.22743225097656,97844200
2016-09-02,188.07150268554688,79293900
2016-09-06,188.6399383544922,56702100
2016-09-07,188.62265014648438,76554900
2016-09-08,188.19203186035156,74102900
2016-09-09,183.6876983642578,221589100
2016-09-12,186.3231658935547,168110900
2016-09-13,183.64466857910156,182828800
2016-09-14,183.57574462890625,134185500
2016-09-15,185.41024780273438,134427900
2016-09-16,184.69349670410156,155236400
2016-09-19,184.72813415527344,80250500
2016-09-20,184.73680114746094,69665300
2016-09-21,186.8142852783203,110284400
2016-09-22,187.99143981933594,76678700
2016-09-23,186.96139526367188,73630900
2016-09-26,185.44656372070312,89827300
2016-09-27,186.59783935546875,78494800
2016-09-28,187.52401733398438,87411000
2016-09-29,185.8274688720703,128070600
2016-09-30,187.22975158691406,117202900
2016-10-03,186.77964782714844,83512100
2016-10-04,185.8274688720703,119948100
2016-10-05,186.6497802734375,72816000
2016-10-06,186.77964782714844,62927400
2016-10-07,186.13909912109375,89788300
2016-10-10,187.1085205078125,51855000
2016-10-11,184.7454376220703,130367400
2016-10-12,184.98780822753906,73866100
2016-10-13,184.38194274902344,101357000
2016-10-14,184.47706604003906,93346200
2016-10-17,183.83656311035156,58275700
2016-10-18,184.98780822753906,76869700
2016-10-19,185.48118591308594,66519200
2016-10-20,185.1349639892578,73639800
2016-10-21,185.22149658203125,89089100
2016-10-24,186.0092315673828,60146600
2016-10-25,185.38597106933594,66542300
2016-10-26,185.01377868652344,75705500
2016-10-27,184.52035522460938,77220200
2016-10-28,183.97503662109375,140623200
2016-10-31,183.9836883544922,61272500
2016-11-01,182.6506805419922,122781800
2016-11-02,181.55137634277344,103330800
2016-11-03,180.7203826904297,88939300
2016-11-04,180.52133178710938,109122100
2016-11-07,184.5030059814453,109794900
2016-11-08,185.3340606689453,106772100
2016-11-09,187.2989501953125,258429000
2016-11-10,187.76641845703125,172113300
2016-11-11,187.33358764648438,100552700
2016-11-14,187.48074340820312,94580000
2016-11-15,188.94363403320312,91652600
2016-11-16,188.5886993408203,65617700
2016-11-17,189.5581817626953,69797200
2016-11-18,189.13406372070312,86265800
2016-11-21,190.5623321533203,72402600
2016-11-22,190.9344940185547,67429000
2016-11-23,191.0383758544922,56620200
2016-11-25,191.74815368652344,37872300
2016-11-28,190.84793090820312,76572500
2016-11-29,191.2201385498047,69886700
2016-11-30,190.76136779785156,113291800
2016-12-01,190.06024169921875,79040500
2016-12-02,190.1554718017578,74840300
2016-12-05,191.29806518554688,67837800
2016-12-06,191.90396118164062,59877400
2016-12-07,194.4142303466797,110738100
2016-12-08,194.89027404785156,99714400
2016-12-09,196.06748962402344,88005800
2016-12-12,195.8424835205078,102016100
2016-12-13,197.14952087402344,110477500
2016-12-14,195.52220153808594,142501800
2016-12-15,196.3272247314453,124972600
2016-12-16,195.9432373046875,156420200
2016-12-19,196.3699188232422,90341100
2016-12-20,197.12741088867188,89838800
2016-12-21,196.57884216308594,67909000
2016-12-22,196.2392578125,56219100
2016-12-23,196.52659606933594,36697800
2016-12-27,197.01422119140625,42672500
2016-12-28,195.3859405517578,64095000
2016-12-29,195.34243774414062,48696100
2016-12-30,194.62844848632812,108998300
2017-01-03,196.11737060546875,91366500
2017-01-04,197.2841339111328,78744400
2017-01-05,197.12741088867188,78379000
2017-01-06,197.83265686035156,71559900
2017-01-09,197.1796875,46939700
2017-01-10,197.1796875,63771900
2017-01-11,197.7368621826172,74650000
2017-01-12,197.24063110351562,72113200
2017-01-13,197.69332885742188,62717900
2017-01-17,196.99679565429688,61240800
2017-01-18,197.43214416503906,54793300
2017-01-19,196.7007293701172,66608800
2017-01-20,197.4234619140625,129168600
2017-01-23,196.90972900390625,75061600
2017-01-24,198.17227172851562,95555300
2017-01-25,199.8874969482422,84437700
2017-01-26,199.67852783203125,59970700
2017-01-27,199.36512756347656,59711100
2017-01-30,198.1287078857422,79737300
2017-01-31,198.11129760742188,75880800
2017-02-01,198.18966674804688,79117700
2017-02-02,198.32022094726562,69657600
2017-02-03,199.68724060058594,80563200
2017-02-06,199.33026123046875,57790100
2017-02-07,199.33897399902344,57931200
2017-02-08,199.60020446777344,51566200
2017-02-09,200.78433227539062,65955200
2017-02-10,201.5767059326172,66015900
2017-02-13,202.6737823486328,55182100
2017-02-14,203.48348999023438,71109000
2017-02-15,204.54579162597656,86785800
2017-02-16,204.37159729003906,84722400
2017-02-17,204.6937713623047,77204100
2017-02-21,205.91278076171875,88946100
2017-02-22,205.72998046875,62115200
2017-02-23,205.86923217773438,74615900
2017-02-24,206.13050842285156,82381600
2017-02-27,206.4526824951172,56515400
2017-02-28,205.89537048339844,96961900
2017-03-01,208.77745056152344,149158200
2017-03-02,207.46270751953125,70246000
2017-03-03,207.59326171875,81974300
2017-03-06,206.97506713867188,55391500
2017-03-07,206.35684204101562,65103700
2017-03-08,205.9737091064453,78168800
2017-03-09,206.2349090576172,90683900
2017-03-10,206.9576416015625,81991700
2017-03-13,207.06211853027344,57256800
2017-03-14,206.26979064941406,59880800
2017-03-15,208.05474853515625,96081800
2017-03-16,207.64549255371094,78344000
2017-03-17,207.28086853027344,89002100
2017-03-20,207.05340576171875,52537000
2017-03-21,204.39498901367188,131809300
2017-03-22,204.87600708007812,97569200
2017-03-23,204.6572723388672,100410300
2017-03-24,204.50868225097656,112504900
2017-03-27,204.29885864257812,87454500
2017-03-28,205.78543090820312,93483900
2017-03-29,205.9778289794922,61950400
2017-03-30,206.63365173339844,56737900
2017-03-31,206.1527557373047,73733100
2017-04-03,205.79420471191406,85546500
2017-04-04,205.9253387451172,56466200
2017-04-05,205.31320190429688,108800600
2017-04-06,205.89035034179688,69135800
2017-04-07,205.6804962158203,74412300
2017-04-10,205.8029327392578,67615300
2017-04-11,205.55809020996094,88045300
2017-04-12,204.6572723388672,81864400
2017-04-13,203.32810974121094,92880400
2017-04-17,205.12960815429688,68405400
2017-04-18,204.51742553710938,83225800
2017-04-19,204.14137268066406,68699900
2017-04-20,205.8029327392578,92572200
2017-04-21,205.14703369140625,110389800
2017-04-24,207.4032440185547,119209900
2017-04-25,208.61007690429688,76698300
2017-04-26,208.47886657714844,84702500
2017-04-27,208.65380859375,57410300
2017-04-28,208.1990509033203,63532800
2017-05-01,208.72373962402344,66882500
2017-05-02,208.80242919921875,57375700
2017-05-03,208.54884338378906,73137700
2017-05-04,208.793701171875,61462700
2017-05-05,209.61572265625,62001300
2017-05-08,209.58078002929688,48385700
2017-05-09,209.38836669921875,51363200
2017-05-10,209.76437377929688,54293800
2017-05-11,209.33587646484375,62358300
2017-05-12,208.986083984375,53912700
2017-05-15,210.14044189453125,61918900
2017-05-16,209.94805908203125,51241800
2017-05-17,206.22268676757812,172174100
2017-05-18,207.05340576171875,107047700
2017-05-19,208.40017700195312,115011400
2017-05-22,209.4582977294922,61010600
2017-05-23,209.92178344726562,48341700
2017-05-24,210.4114990234375,46927700
2017-05-25,211.4171600341797,64071700
2017-05-26,211.37344360351562,46629900
2017-05-30,211.18980407714844,35201900
2017-05-31,211.13735961914062,91796000
2017-06-01,212.81634521484375,68962000
2017-06-02,213.52467346191406,88666100
2017-06-05,213.36729431152344,44698800
2017-06-06,212.6852264404297,50375400
2017-06-07,213.07872009277344,54144300
2017-06-08,213.18362426757812,65950700
2017-06-09,212.86007690429688,132256400
2017-06-12,212.81634521484375,86108100
2017-06-13,213.8569793701172,60067000
2017-06-14,213.58595275878906,78602300
2017-06-15,213.17495727539062,66464900
2017-06-16,213.2214813232422,84553100
2017-06-19,214.99658203125,65123800
2017-06-20,213.54660034179688,56906400
2017-06-21,213.493896484375,55977600
2017-06-22,213.397216796875,44148100
2017-06-23,213.65208435058594,66986800
2017-06-26,213.7926483154297,56700500
2017-06-27,212.0703125,82247700
2017-06-28,213.96844482421875,70042600
2017-06-29,212.08790588378906,106949700
2017-06-30,212.4833526611328,86820700
2017-07-03,212.84359741210938,39153800
2017-07-05,213.33570861816406,54427600
2017-07-06,211.38490295410156,65400800
2017-07-07,212.75572204589844,57972300
2017-07-10,212.98419189453125,36663300
2017-07-11,212.82603454589844,50354600
2017-07-12,214.4254150390625,59610400
2017-07-13,214.78567504882812,39471600
2017-07-14,215.78746032714844,60262700
2017-07-17,215.7611083984375,33531900
2017-07-18,215.8752899169922,42742500
2017-07-19,217.04403686523438,51034300
2017-07-20,217.14073181152344,47135200
2017-07-21,216.9474334716797,82340800
2017-07-24,216.89468383789062,46622300
2017-07-25,217.4219207763672,54915600
2017-07-26,217.43075561523438,47575400
2017-07-27,217.2285919189453,70766600
2017-07-28,216.97373962402344,50088400
2017-07-31,216.85073852539062,65838700
2017-08-01,217.3340606689453,55050400
2017-08-02,217.4394989013672,47211200
2017-08-03,217.01773071289062,40856000
2017-08-04,217.41317749023438,60191800
2017-08-07,217.8173370361328,31995000
2017-08-08,217.28128051757812,61719400
2017-08-09,217.27256774902344,62632600
2017-08-10,214.20571899414062,120479500
2017-08-11,214.5220489501953,74869900
2017-08-14,216.6486053466797,73291900
2017-08-15,216.6222686767578,55242700
2017-08-16,217.00013732910156,56715500
2017-08-17,213.61688232421875,128490400
2017-08-18,213.28297424316406,136748000
2017-08-21,213.449951171875,65469700
2017-08-22,215.68203735351562,63140100
2017-08-23,214.90870666503906,50203800
2017-08-24,214.40782165527344,50741700
2017-08-25,214.90870666503906,64445900
2017-08-28,214.9175262451172,40565600
2017-08-29,215.1635284423828,51135700
2017-08-30,216.18289184570312,62030800
2017-08-31,217.4834747314453,103803900
2017-09-01,217.791015625,62007000
2017-09-05,216.226806640625,91398800
2017-09-06,216.96499633789062,57916900
2017-09-07,216.93862915039062,58034700
2017-09-08,216.68380737304688,63832800
2017-09-11,218.9949188232422,71364800
2017-09-12,219.73306274414062,56896000
2017-09-13,219.83848571777344,59228000
2017-09-14,219.76817321777344,95446300
2017-09-15,220.06407165527344,95432400
2017-09-18,220.53216552734375,46235200
2017-09-19,220.7528839111328,47108100
2017-09-20,220.83236694335938,59574100
2017-09-21,220.24070739746094,48211400
2017-09-22,220.28482055664062,51214000
2017-09-25,219.83447265625,57064400
2017-09-26,219.96693420410156,54082000
2017-09-27,220.8235626220703,81001400
2017-09-28,221.0884552001953,44778800
2017-09-29,221.86563110351562,85578000
2017-10-02,222.8282470703125,59023000
2017-10-03,223.30508422851562,66810200
2017-10-04,223.57003784179688,55953600
2017-10-05,224.89474487304688,63522800
2017-10-06,224.6386260986328,80646000
2017-10-09,224.26771545410156,35803100
2017-10-10,224.85935974121094,43057400
2017-10-11,225.21263122558594,47674300
2017-10-12,224.8770294189453,47065100
2017-10-13,225.15081787109375,54800400
2017-10-16,225.4510498046875,38221700
2017-10-17,225.6100616455078,31561000
2017-10-18,225.830810546875,40888300
2017-10-19,225.89260864257812,61903800
2017-10-20,227.058349609375,89176400
2017-10-23,226.17523193359375,63915300
2017-10-24,226.57261657714844,66935900
2017-10-25,225.4510498046875,103715300
2017-10-26,225.7425079345703,69798000
2017-10-27,227.58822631835938,85562500
2017-10-30,226.7404327392578,54285700
2017-10-31,227.09364318847656,60304800
2017-11-01,227.3939208984375,54202700
2017-11-02,227.48228454589844,56449500
2017-11-03,228.24171447753906,59589700
2017-11-06,228.59498596191406,49652600
2017-11-07,228.4359893798828,57502200
2017-11-08,228.82456970214844,50469600
2017-11-09,227.9944305419922,95085500
2017-11-10,227.9238739013672,59984700
2017-11-13,228.13571166992188,50228600
2017-11-14,227.60592651367188,61315200
2017-11-15,226.46669006347656,80811500
2017-11-16,228.39186096191406,67777000
2017-11-17,227.720703125,75756800
2017-11-20,228.10923767089844,48075500
2017-11-21,229.60171508789062,69176800
2017-11-22,229.3986358642578,45033400
2017-11-24,229.92848205566406,27856500
2017-11-27,229.81365966796875,52274900
2017-11-28,232.1450958251953,98971700
2017-11-29,232.00379943847656,77512100
2017-11-30,234.0350341796875,127894400
2017-12-01,233.5492401123047,164390900
2017-12-04,233.2667236328125,94040600
2017-12-05,232.42771911621094,77994500
2017-12-06,232.4718780517578,75898600
2017-12-07,233.20480346679688,77218600
2017-12-08,234.4765625,76563900
2017-12-11,235.18301391601562,83077500
2017-12-12,235.59812927246094,85195800
2017-12-13,235.57159423828125,102905400
2017-12-14,234.60897827148438,100666700
2017-12-15,236.56272888183594,144610300
2017-12-18,238.06277465820312,83653600
2017-12-19,237.14852905273438,82382900
2017-12-20,237.0242919921875,76751500
2017-12-21,237.51246643066406,67032300
2017-12-22,237.45033264160156,78720900
2017-12-26,237.16627502441406,45244400
2017-12-27,237.28164672851562,57751000
2017-12-28,237.76988220214844,45116100
2017-12-29,236.873291015625,96007400
2018-01-02,238.56878662109375,86655700
2018-01-03,240.0777587890625,90070400
2018-01-04,241.0896453857422,80636400
2018-01-05,242.69622802734375,83524000
2018-01-08,243.14002990722656,57319200
2018-01-09,243.69039916992188,57254000
2018-01-10,243.31756591796875,69574300
2018-01-11,245.09283447265625,62361500
2018-01-12,246.6905517578125,90816100
2018-01-16,245.84732055664062,106555100
2018-01-17,248.19065856933594,113258800
2018-01-18,247.7734832763672,100728000
2018-01-19,248.90074157714844,140920100
2018-01-22,250.92459106445312,91322400
2018-01-23,251.45716857910156,97084700
2018-01-24,251.35952758789062,134816100
2018-01-25,251.46603393554688,84587300
2018-01-26,254.3775177001953,107743100
2018-01-29,252.69090270996094,90118300
2018-01-30,250.09912109375,131796400
2018-01-31,250.22329711914062,108364800
2018-02-01,249.93927001953125,90102500
2018-02-02,244.49819946289062,173174800
2018-02-05,234.2725372314453,294681800
2018-02-06,238.8883514404297,355026800
2018-02-07,237.59239196777344,167376100
2018-02-08,228.68051147460938,246449500
2018-02-09,232.11563110351562,283565300
2018-02-12,235.52420043945312,143736000
2018-02-13,236.11001586914062,81223600
2018-02-14,239.29661560058594,120735700
2018-02-15,242.3500518798828,111200300
2018-02-16,242.42103576660156,160420100
2018-02-20,240.90321350097656,86369700
2018-02-21,239.70489501953125,98883700
2018-02-22,240.015625,110511300
2018-02-23,243.84120178222656,92766400
2018-02-26,246.6728057861328,86491400
2018-02-27,243.5926513671875,99099200
2018-02-28,241.12510681152344,121907800
2018-03-01,237.61898803710938,176855100
2018-03-02,238.8438720703125,139083200
2018-03-05,241.6044464111328,97307400
2018-03-06,242.2168426513672,79213200
2018-03-07,242.128173828125,87063500
2018-03-08,243.29986572265625,66901200
2018-03-09,247.53384399414062,113625300
2018-03-12,247.2230682373047,71924800
2018-03-13,245.62538146972656,91968900
2018-03-14,244.36495971679688,105895100
2018-03-15,244.09866333007812,83433000
2018-03-16,244.36337280273438,100343700
2018-03-19,241.0570526123047,109208400
2018-03-20,241.46697998046875,59757300
2018-03-21,241.00357055664062,78709600
2018-03-22,234.9792022705078,148785900
2018-03-23,229.97068786621094,183534800
2018-03-26,236.26251220703125,141956100
2018-03-27,232.24322509765625,129941400
2018-03-28,231.55702209472656,146452300
2018-03-29,234.5157470703125,111601600
2018-04-02,229.45382690429688,186286300
2018-04-03,232.39468383789062,119956900
2018-04-04,234.88111877441406,123715300
2018-04-05,236.7348175048828,82652600
2018-04-06,231.45896911621094,179521200
2018-04-09,232.59967041015625,105442900
2018-04-10,236.29812622070312,103529000
2018-04-11,235.0594024658203,91140200
2018-04-12,236.99327087402344,68890500
2018-04-13,236.29812622070312,85079200
2018-04-16,238.2408447265625,63405300
2018-04-17,240.7897186279297,64682000
2018-04-18,240.96798706054688,57303900
2018-04-19,239.6312713623047,77655900
2018-04-20,237.5992431640625,99953100
2018-04-23,237.56361389160156,65558000
2018-04-24,234.36428833007812,112885500
2018-04-25,234.94351196289062,103840900
2018-04-26,237.33189392089844,67731900
2018-04-27,237.5546417236328,57053600
2018-04-30,235.72779846191406,82182300
2018-05-01,236.1466522216797,74203400
2018-05-02,234.56033325195312,86368900
2018-05-03,234.04342651367188,136311500
2018-05-04,237.07351684570312,91222100
2018-05-07,237.87551879882812,55304900
2018-05-08,237.87551879882812,67499200
2018-05-09,240.17481994628906,59666100
2018-05-10,242.4205780029297,72063900
2018-05-11,243.16026306152344,59871500
2018-05-14,243.2761993408203,54790600
2018-05-15,241.6007537841797,87036100
2018-05-16,242.61660766601562,53942600
2018-05-17,242.41163635253906,56536400
2018-05-18,241.8056640625,64368000
2018-05-21,243.62367248535156,58025900
2018-05-22,242.9464111328125,52966400
2018-05-23,243.6147918701172,64694200
2018-05-24,243.11570739746094,76043800
2018-05-25,242.53639221191406,56374800
2018-05-29,239.7469940185547,115908600
2018-05-30,242.9464111328125,69678400
2018-05-31,241.45809936523438,93519900
2018-06-01,243.82867431640625,71258400
2018-06-04,244.98727416992188,45385200
2018-06-05,245.16546630859375,51135000
2018-06-06,247.21514892578125,62732200
2018-06-07,247.1884307861328,72969400
2018-06-08,247.91920471191406,72139700
2018-06-11,248.2489776611328,58892500
2018-06-12,248.5697784423828,72329000
2018-06-13,247.77650451660156,79070600
2018-06-14,248.4005126953125,77097600
2018-06-15,248.0835418701172,120041600
2018-06-18,247.5732421875,52917600
2018-06-19,246.6243896484375,97531500
2018-06-20,247.04515075683594,53785500
2018-06-21,245.49649047851562,71061400
2018-06-22,245.94403076171875,54898500
2018-06-25,242.5960693359375,137854200
2018-06-26,243.1331329345703,68547400
2018-06-27,241.11903381347656,105110700
2018-06-28,242.49761962890625,76650500
2018-06-29,242.84669494628906,97592500
2018-07-02,243.36585998535156,63554800
2018-07-03,242.5064697265625,42187100
2018-07-05,244.4849090576172,56925900
2018-07-06,246.55276489257812,66493700
2018-07-09,248.7727813720703,50550400
2018-07-10,249.66807556152344,51966800
2018-07-11,247.84182739257812,77054700
2018-07-12,250.0887451171875,60124700
2018-07-13,250.2857208251953,48216000
2018-07-16,250.06192016601562,48201000
2018-07-17,251.07351684570312,52315500
2018-07-18,251.6016387939453,44593500
2018-07-19,250.65261840820312,61412100
2018-07-20,250.36631774902344,82337700
2018-07-23,250.83172607421875,47047600
2018-07-24,252.0940704345703,68026900
2018-07-25,254.24244689941406,78882900
2018-07-26,253.6427459716797,57919500
2018-07-27,251.9239959716797,76768700
2018-07-30,250.6079559326172,63742500
2018-07-31,251.84341430664062,68570500
2018-08-01,251.42257690429688,53853300
2018-08-02,252.79225158691406,63426400
2018-08-03,253.87535095214844,53935400
2018-08-06,254.806396484375,39400900
2018-08-07,255.6478271484375,43196600
2018-08-08,255.5404815673828,42114600
2018-08-09,255.1913604736328,35717000
2018-08-10,253.4815673828125,77076000
2018-08-13,252.53260803222656,65732900
2018-08-14,254.1439666748047,43842000
2018-08-15,252.24615478515625,102925400
2018-08-16,254.28726196289062,69967900
2018-08-17,255.18231201171875,65618500
2018-08-20,255.72845458984375,39807500
2018-08-21,256.328125,67272000
2018-08-22,256.1760559082031,44993300
2018-08-23,255.8358154296875,49204900
2018-08-24,257.37567138671875,57487400
2018-08-27,259.4076232910156,57072400
2018-08-28,259.53302001953125,46943500
2018-08-29,260.92950439453125,61485500
2018-08-30,259.8731994628906,61229500
2018-08-31,259.88214111328125,66140800
2018-09-04,259.4344787597656,57594400
2018-09-05,258.7362976074219,72452400
2018-09-06,257.95751953125,65909900
2018-09-07,257.4561767578125,73524800
2018-09-10,257.90374755859375,50210900
2018-09-11,258.754150390625,50530500
2018-09-12,258.81689453125,59810800
2018-09-13,260.3476257324219,51034200
2018-09-14,260.39239501953125,55079900
2018-09-17,259.0137634277344,68244000
2018-09-18,260.4192810058594,61930400
2018-09-19,260.69677734375,49080600
2018-09-20,262.80926513671875,100360600
2018-09-21,262.5693054199219,105479700
2018-09-24,261.69708251953125,53409600
2018-09-25,261.4541931152344,44370000
2018-09-26,260.671875,79739700
2018-09-27,261.40032958984375,59249500
2018-09-28,261.42718505859375,70091400
2018-10-01,262.3354797363281,62078900
2018-10-02,262.1826171875,47258200
2018-10-03,262.32647705078125,64694600
2018-10-04,260.2762145996094,111545900
2018-10-05,258.8194580078125,105951700
2018-10-08,258.8194580078125,87742200
2018-10-09,258.4418029785156,74339000
2018-10-10,250.2586212158203,214731000
2018-10-11,244.74635314941406,274840500
2018-10-12,248.1455535888672,183186500
2018-10-15,246.75167846679688,102263700
2018-10-16,252.14706420898438,118255800
2018-10-17,252.19207763671875,110626000
2018-10-18,248.55014038085938,134557500
2018-10-19,248.41529846191406,139901600
2018-10-22,247.3002166748047,82415800
2018-10-23,246.0413055419922,146352700
2018-10-24,238.5865478515625,177806700
2018-10-25,242.86695861816406,138061500
2018-10-26,238.59547424316406,201574600
2018-10-29,237.2736053466797,160749100
2018-10-30,240.78965759277344,157116000
2018-10-31,243.3615264892578,128296300
2018-11-01,245.95135498046875,99495000
2018-11-02,244.49452209472656,122634100
2018-11-05,245.8434600830078,65622500
2018-11-06,247.39913940429688,60085900
2018-11-07,252.695556640625,102752100
2018-11-08,252.23704528808594,65584900
2018-11-09,249.77316284179688,98812600
2018-11-12,245.10597229003906,99673600
2018-11-13,244.6474609375,98176600
2018-11-14,242.97486877441406,125335900
2018-11-15,245.51063537597656,135101400
2018-11-16,246.14920043945312,126668000
2018-11-19,241.98568725585938,103061700
2018-11-20,237.5074462890625,136021300
2018-11-21,238.31675720214844,75563700
2018-11-23,236.7251434326172,42807900
2018-11-26,240.5469207763672,79981400
2018-11-27,241.356201171875,75502400
2018-11-28,246.91346740722656,127629600
2018-11-29,246.37396240234375,82346400
2018-11-30,247.87576293945312,98204200
2018-12-03,251.15794372558594,103176300
2018-12-04,243.01979064941406,177986000
2018-12-06,242.651123046875,204185400
2018-12-07,237.0128173828125,161018900
2018-12-10,237.46250915527344,151445900
2018-12-11,237.5164794921875,121504400
2018-12-12,238.7124481201172,97976700
2018-12-13,238.6315155029297,96662700
2018-12-14,234.22520446777344,116961100
2018-12-17,229.63015747070312,165492300
2018-12-18,229.37835693359375,134515100
2018-12-19,225.94322204589844,214992800
2018-12-20,222.26531982421875,252053400
2018-12-21,217.71121215820312,255345600
2018-12-24,211.95864868164062,147311600
2018-12-26,222.6678466796875,218485400
2018-12-27,224.37733459472656,186267300
2018-12-28,224.087890625,153100200
2018-12-31,226.05062866210938,144299400
2019-01-02,226.28578186035156,126925200
2019-01-03,220.88600158691406,144140700
2019-01-04,228.28469848632812,142628800
2019-01-07,230.08465576171875,103139100
2019-01-08,232.24642944335938,102512600
2019-01-09,233.331787109375,95006600
2019-01-10,234.1549072265625,96823900
2019-01-11,234.24533081054688,73858100
2019-01-14,232.81622314453125,70908200
2019-01-15,235.48448181152344,85208300
2019-01-16,236.05438232421875,77636700
2019-01-17,237.8451385498047,96118400
2019-01-18,241.01095581054688,127900300
2019-01-22,237.7547149658203,115531200
2019-01-23,238.25218200683594,86030300
2019-01-24,238.37884521484375,59204100
2019-01-25,240.3958740234375,96883400
2019-01-28,238.5687713623047,85613700
2019-01-29,238.25218200683594,66136300
2019-01-30,242.0239715576172,92473700
2019-01-31,244.1494903564453,104012100
2019-02-01,244.26707458496094,85782500
2019-02-04,245.98565673828125,60744800
2019-02-05,247.01678466796875,79552800
2019-02-06,246.69110107421875,58347800
2019-02-07,244.33953857421875,95482000
2019-02-08,244.637939453125,75788900
2019-02-11,244.77357482910156,68021400
2019-02-12,247.92123413085938,72270200
2019-02-13,248.726318359375,65277200
2019-02-14,248.17454528808594,83234400
2019-02-15,250.8789520263672,97088700
2019-02-19,251.31309509277344,59120800
2019-02-20,251.819580078125,76610800
2019-02-21,250.92416381835938,64214700
2019-02-22,252.47988891601562,78114600
2019-02-25,252.82354736328125,69030700
2019-02-26,252.64268493652344,56844100
2019-02-27,252.53419494628906,56921600
2019-02-28,252.06381225585938,69268300
2019-03-01,253.63763427734375,78880500
2019-03-04,252.7150115966797,106494600
2019-03-05,252.37139892578125,59114600
2019-03-06,250.8427276611328,75039800
2019-03-07,248.744384765625,94885100
2019-03-08,248.2468719482422,85795800
2019-03-11,251.8466796875,65098900
2019-03-12,252.79641723632812,79667500
2019-03-13,254.46975708007812,80639200
2019-03-14,254.30691528320312,67518400
2019-03-15,255.56338500976562,81309000
2019-03-18,256.48992919921875,62199800
2019-03-19,256.5535888671875,90268100
2019-03-20,255.7813720703125,84609200
2019-03-21,258.6703796386719,79550400
2019-03-22,253.69189453125,122659300
2019-03-25,253.5011444091797,85575200
2019-03-26,255.3907470703125,68125900
2019-03-27,254.05528259277344,72224700
2019-03-28,255.01837158203125,56238500
2019-03-29,256.62628173828125,82186800
2019-04-01,259.6697082519531,77617900
2019-04-02,259.796875,40070400
2019-04-03,260.2056579589844,68243200
2019-04-04,260.89617919921875,48997500
2019-04-05,262.1588134765625,58621700
2019-04-08,262.35882568359375,53566300
2019-04-09,261.0143127441406,66142300
2019-04-10,261.90460205078125,52601500
2019-04-11,261.8318176269531,55093100
2019-04-12,263.60333251953125,69727800
2019-04-15,263.4308166503906,49596700
2019-04-16,263.60333251953125,52153200
2019-04-17,262.9584045410156,58268300
2019-04-18,263.4762878417969,68708500
2019-04-22,263.70330810546875,40160100
2019-04-23,266.0744934082031,52246600
2019-04-24,265.48388671875,50392900
2019-04-25,265.32037353515625,57770900
2019-04-26,266.5559997558594,50916400
2019-04-29,266.973876953125,57197700
2019-04-30,267.110107421875,81111700
2019-05-01,265.1023864746094,71671900
2019-05-02,264.5299987792969,65030200
2019-05-03,267.11920166015625,56543700
2019-05-06,266.01995849609375,107198100
2019-05-07,261.57745361328125,144729900
2019-05-08,261.21405029296875,91568300
2019-05-09,260.4236755371094,103471100
2019-05-10,261.73193359375,112429300
2019-05-13,255.15452575683594,127290500
2019-05-14,257.4620666503906,77003200
2019-05-15,258.9701232910156,73956400
2019-05-16,261.3685302734375,76749600
2019-05-17,259.6788024902344,100353000
2019-05-20,257.96173095703125,62877600
2019-05-21,260.2874755859375,46847100
2019-05-22,259.4880065917969,49482500
2019-05-23,256.3174133300781,98733800
2019-05-24,256.8988952636719,55268100
2019-05-28,254.5095672607422,70029400
2019-05-29,252.8015899658203,104972900
2019-05-30,253.49209594726562,62523800
2019-05-31,250.07620239257812,86862800
2019-06-03,249.44032287597656,96428000
2019-06-04,254.85479736328125,77231900
2019-06-05,257.0623779296875,71169700
2019-06-06,258.73394775390625,69430400
2019-06-07,261.3230895996094,74272200
2019-06-10,262.5223388671875,60799100
2019-06-11,262.4587707519531,58641300
2019-06-12,261.9953308105469,47096300
2019-06-13,263.076416015625,48945200
2019-06-14,262.7857666015625,52324700
2019-06-17,262.8856506347656,39205700
2019-06-18,265.6383361816406,85434800
2019-06-19,266.2380065917969,78674400
2019-06-20,268.7817687988281,116570000
2019-06-21,268.3909912109375,83309500
2019-06-24,268.0623474121094,47582700
2019-06-25,265.43316650390625,82028700
2019-06-26,265.16839599609375,51584900
2019-06-27,266.1087646484375,40355200
2019-06-28,267.4780578613281,59350900
2019-07-01,269.90643310546875,78705600
2019-07-02,270.6092834472656,61504500
2019-07-03,272.7728271484375,40898900
2019-07-05,272.46246337890625,51677300
2019-07-08,270.9653625488281,45841800
2019-07-09,271.3031005859375,41101300
2019-07-10,272.59942626953125,58448500
2019-07-11,273.2384338378906,50826100
2019-07-12,274.4617614746094,40326000
2019-07-15,274.552978515625,33900000
2019-07-16,273.6675720214844,36650100
2019-07-17,271.8052978515625,36036300
2019-07-18,272.80023193359375,51392600
2019-07-19,271.2849426269531,58678600
2019-07-22,271.9512939453125,43638100
2019-07-23,273.89569091796875,44564500
2019-07-24,275.1828918457031,47213200
2019-07-25,273.86834716796875,55394100
2019-07-26,275.7032165527344,45084100
2019-07-29,275.2012023925781,38126500
2019-07-30,274.5256652832031,45849000
2019-07-31,271.522216796875,104245200
2019-08-01,269.1578063964844,142646600
2019-08-02,267.13116455078125,116749700
2019-08-05,259.0977478027344,178745400
2019-08-06,262.7310791015625,120711700
2019-08-07,262.8861999511719,140572300
2019-08-08,268.04412841796875,87713900
2019-08-09,266.2182922363281,93730000
2019-08-12,262.9775390625,65527600
2019-08-13,267.0672912597656,94299800
2019-08-14,259.1707458496094,135622100
2019-08-15,259.85540771484375,99556600
2019-08-16,263.68951416015625,83018300
2019-08-19,266.8664245605469,53571800
2019-08-20,264.8215637207031,51596400
2019-08-21,266.9760437011719,49524700
2019-08-22,266.89385986328125,51666400
2019-08-23,260.0379943847656,149161500
2019-08-26,262.91357421875,72423800
2019-08-27,261.8820495605469,66668900
2019-08-28,263.7261047363281,59696700
2019-08-29,267.09466552734375,57899400
2019-08-30,266.9760437011719,62901200
2019-09-03,265.4149169921875,69101400
2019-09-04,268.4274597167969,46887300
2019-09-05,271.87823486328125,83258100
2019-09-06,272.08819580078125,49584300
2019-09-09,272.2251281738281,51260300
2019-09-10,272.1612243652344,57947100
2019-09-11,274.0966491699219,68821100
2019-09-12,275.04595947265625,72908700
2019-09-13,274.8634338378906,62104800
2019-09-16,274.01434326171875,58191200
2019-09-17,274.708251953125,41475500
2019-09-18,274.8725891113281,73375800
2019-09-19,274.85430908203125,76560500
2019-09-20,273.5555419921875,89565000
2019-09-23,273.4914855957031,43476800
2019-09-24,271.3454284667969,94869400
2019-09-25,272.9503479003906,71854000
2019-09-26,272.3818054199219,56179700
2019-09-27,270.91436767578125,84746600
2019-09-30,272.1708068847656,51662400
2019-10-01,268.933349609375,88242400
2019-10-02,264.1827697753906,122539500
2019-10-03,266.3471984863281,85278800
2019-10-04,269.9514465332031,65091200
2019-10-07,268.78656005859375,59610500
2019-10-08,264.6138000488281,95708100
2019-10-09,267.1267395019531,62359400
2019-10-10,268.933349609375,55296300
2019-10-11,271.721435546875,98720400
2019-10-14,271.4188232421875,40394800
2019-10-15,274.10595703125,46754500
2019-10-16,273.6657409667969,48928200
2019-10-17,274.4728088378906,45736600
2019-10-18,273.2713928222656,64304000
2019-10-21,275.1239318847656,39048600
2019-10-22,274.2251281738281,48594700
2019-10-23,275.0230407714844,34352200
2019-10-24,275.4724426269531,35453100
2019-10-25,276.6004333496094,45205400
2019-10-28,278.1595153808594,42147000
2019-10-29,278.0768737792969,44284900
2019-10-30,278.929931640625,49643900
2019-10-31,278.1871032714844,69053800
2019-11-01,280.76409912109375,71141500
2019-11-04,281.8922119140625,60606900
2019-11-05,281.5804443359375,42933200
2019-11-06,281.6445617675781,46487100
2019-11-07,282.6349792480469,54272300
2019-11-08,283.33203125,49032100
2019-11-11,282.79095458984375,35797300
2019-11-12,283.3870849609375,46484600
2019-11-13,283.4787292480469,53917700
2019-11-14,283.8914489746094,51219900
2019-11-15,285.94586181640625,62023600
2019-11-18,286.15673828125,49228000
2019-11-19,286.0741882324219,67804700
2019-11-20,285.0103454589844,79406200
2019-11-21,284.5517578125,54664700
2019-11-22,285.1846008300781,44850200
2019-11-25,287.39483642578125,48647200
2019-11-26,288.0460205078125,37569000
2019-11-27,289.3299255371094,44444600
2019-11-29,288.2569274902344,36592700
2019-12-02,285.80828857421875,75767800
2019-12-03,283.8914489746094,73941700
2019-12-04,285.64312744140625,49080000
2019-12-05,286.15673828125,40709000
2019-12-06,288.77044677734375,48927000
2019-12-09,287.8625793457031,34838500
2019-12-10,287.5415344238281,52649800
2019-12-11,288.3577880859375,53429100
2019-12-12,290.8432312011719,96389600
2019-12-13,291.0174560546875,81503900
2019-12-16,293.0166931152344,82749700
2019-12-17,293.0809020996094,61097700
2019-12-18,293.0992736816406,48133000
2019-12-19,294.3006896972656,85310500
2019-12-20,295.59100341796875,147142100
2019-12-23,296.04254150390625,52990000
2019-12-24,296.0517883300781,20270000
2019-12-26,297.627685546875,30911200
2019-12-27,297.55401611328125,42528800
2019-12-30,295.9134216308594,49729100
2019-12-31,296.63238525390625,57077300
2020-01-02,299.40643310546875,59151200
2020-01-03,297.1392822265625,77709700
2020-01-06,298.27288818359375,55653900
2020-01-07,297.4341735839844,40496400
2020-01-08,299.0194091796875,68296000
2020-01-09,301.0469055175781,48473300
2020-01-10,300.1806335449219,53029300
2020-01-13,302.24505615234375,47086800
2020-01-14,301.7842712402344,62832800
2020-01-15,302.4663391113281,72056600
2020-01-16,304.9823303222656,54050300
2020-01-17,305.93157958984375,95846000
2020-01-21,305.3324279785156,77742400
2020-01-22,305.3692626953125,48914900
2020-01-23,305.71954345703125,51963000
2020-01-24,303.00079345703125,87578400
2020-01-27,298.143798828125,84062500
2020-01-28,301.26812744140625,63834000
2020-01-29,301.0193176269531,53888900
2020-01-30,301.9962158203125,75491800
2020-01-31,296.5125732421875,113845600
2020-02-03,298.7151794433594,69083000
2020-02-04,303.2680358886719,62573200
2020-02-05,306.770263671875,65951100
2020-02-06,307.8023681640625,50359700
2020-02-07,306.1619567871094,64139400
2020-02-10,308.44757080078125,42070000
2020-02-11,308.9820861816406,54864500
2020-02-12,310.9727478027344,43992700
2020-02-13,310.6410217285156,54501900
2020-02-14,311.13873291015625,64582200
2020-02-18,310.3368225097656,57226200
2020-02-19,311.8206481933594,48814700
2020-02-20,310.5395812988281,74163400
2020-02-21,307.3415832519531,113788200
2020-02-24,297.1484375,161088400
2020-02-25,288.14422607421875,218913200
2020-02-26,287.08441162109375,194773800
2020-02-27,274.19097900390625,284353500
2020-02-28,273.0389404296875,384975800
2020-03-02,284.86328125,238703600
2020-03-03,276.7068786621094,300139100
2020-03-04,288.3377685546875,176613400
2020-03-05,278.7529602050781,186366800
2020-03-06,274.1448669433594,228667200
2020-03-09,252.7356719970703,309417300
2020-03-10,265.8134460449219,276444100
2020-03-11,252.85543823242188,255316300
2020-03-12,228.66293334960938,392220700
2020-03-13,248.21041870117188,329566100
2020-03-16,221.0503692626953,297240000
2020-03-17,232.9853515625,262070500
2020-03-18,221.18858337402344,327597100
2020-03-19,221.65866088867188,289322000
2020-03-20,212.10646057128906,347158800
2020-03-23,206.68324279785156,326025200
2020-03-24,225.40943908691406,235494500
2020-03-25,228.78387451171875,299430300
2020-03-26,242.14254760742188,257632800
2020-03-27,234.93011474609375,224341200
2020-03-30,242.55963134765625,171369500
2020-03-31,238.94419860839844,194881100
2020-04-01,228.19058227539062,189554600
2020-04-02,233.4561309814453,177660400
2020-04-03,230.0817108154297,135561200
2020-04-06,245.53543090820312,188061200
2020-04-07,245.7857208251953,201427200
2020-04-08,254.03640747070312,153774500
2020-04-09,257.9021911621094,189999200
2020-04-13,255.5474395751953,114839100
2020-04-14,263.0843505859375,134143400
2020-04-15,257.4942626953125,121775000
2020-04-16,258.7365417480469,131798300
2020-04-17,265.7263488769531,146684800
2020-04-20,261.0447998046875,100109300
2020-04-21,253.11865234375,126385700
2020-04-22,258.7365417480469,92951600
2020-04-23,258.7179260253906,104709700
2020-04-24,262.3241882324219,85063200
2020-04-27,266.1064758300781,77896600
2020-04-28,264.8827209472656,105270000
2020-04-29,271.81695556640625,118745600
2020-04-30,269.2862243652344,122901700
2020-05-01,262.1572265625,125180000
2020-05-04,262.88031005859375,80873200
2020-05-05,265.3091735839844,79569900
2020-05-06,263.5107727050781,73632600
2020-05-07,266.6903991699219,75250400
2020-05-08,271.10308837890625,76452400
2020-05-11,271.1587829589844,79514200
2020-05-12,265.754150390625,95870800
2020-05-13,261.0540466308594,144721100
2020-05-14,264.17822265625,121977900
2020-05-15,265.39263916015625,111146300
2020-05-18,273.47637939453125,119703800
2020-05-19,270.6675109863281,95189300
2020-05-20,275.2655944824219,85861700
2020-05-21,273.3652038574219,78293900
2020-05-22,273.8843078613281,63958200
2020-05-26,277.2586975097656,88951400
2020-05-27,281.3840026855469,104817400
2020-05-28,280.8648376464844,90405200
2020-05-29,282.1163635253906,119090800
2020-06-01,283.25665283203125,55758300
2020-06-02,285.6020202636719,74267200
2020-06-03,289.4029235839844,92567600
2020-06-04,288.6427001953125,75794400
2020-06-05,296.04046630859375,150524700
2020-06-08,299.6188659667969,73641200
2020-06-09,297.3847961425781,77479200
2020-06-10,295.725341796875,95000800
2020-06-11,278.6770324707031,209243600
2020-06-12,282.0143737792969,194678900
2020-06-15,284.647216796875,135782700
2020-06-16,290.1259765625,137627500
2020-06-17,288.9208068847656,83398900
2020-06-18,289.0321044921875,80828700
2020-06-19,287.3803405761719,135549600
2020-06-22,289.2239074707031,74649400
2020-06-23,290.55535888671875,68471200
2020-06-24,283.1436767578125,132813500
2020-06-25,286.1791076660156,89468000
2020-06-26,279.38201904296875,127961000
2020-06-29,283.4882507324219,79773300
2020-06-30,287.1195373535156,113394800
2020-07-01,289.13067626953125,72396500
2020-07-02,290.7230529785156,69344200
2020-07-06,295.2109375,61713800
2020-07-07,292.1662292480469,82910000
2020-07-08,294.4010009765625,54638600
2020-07-09,292.7249755859375,83354200
2020-07-10,295.7137756347656,57550400
2020-07-13,293.1531982421875,102997500
2020-07-14,296.95220947265625,93657000
2020-07-15,299.6803894042969,87196500
2020-07-16,298.6934509277344,54622500
2020-07-17,299.55926513671875,62774900
2020-07-20,301.98028564453125,56308800
2020-07-21,302.6227111816406,57292200
2020-07-22,304.34527587890625,57792900
2020-07-23,300.7138671875,75738000
2020-07-24,298.7772216796875,73766600
2020-07-27,300.9559631347656,48293000
2020-07-28,299.0472106933594,57495000
2020-07-29,302.72515869140625,48454200
2020-07-30,301.64501953125,61861700
2020-07-31,304.02862548828125,84986800
2020-08-03,306.14239501953125,53077900
2020-08-04,307.3248291015625,41917900
2020-08-05,309.2336730957031,42697700
2020-08-06,311.3006896972656,43679400
2020-08-07,311.52423095703125,57308300
2020-08-10,312.4553527832031,44282100
2020-08-11,309.8760986328125,69601100
2020-08-12,314.19647216796875,53774400
2020-08-13,313.62847900390625,41816100
2020-08-14,313.6377868652344,47260400
2020-08-17,314.6341247558594,35481000
2020-08-18,315.3138732910156,38733900
2020-08-19,314.0008850097656,68054200
2020-08-20,314.9786376953125,42207800
2020-08-21,316.0959777832031,55106600
2020-08-24,319.299072265625,48588700
2020-08-25,320.4163818359375,38463400
2020-08-26,323.62872314453125,50790200
2020-08-27,324.3363342285156,58034100
2020-08-28,326.4313659667969,48588900
2020-08-31,325.24884033203125,66099200
2020-09-01,328.31231689453125,54908700
2020-09-02,333.0610046386719,69540000
2020-09-03,321.5989074707031,148011100
2020-09-04,318.97320556640625,139156300
2020-09-08,310.2579040527344,114465300
2020-09-09,316.3846435546875,91462300
2020-09-10,310.89105224609375,90569500
2020-09-11,311.04931640625,84680200
2020-09-14,315.146240234375,65605700
2020-09-15,316.738525390625,52920900
2020-09-16,315.4814453125,82096000
2020-09-17,312.70672607421875,91523300
2020-09-18,309.10662841796875,105877900
2020-09-21,305.6664123535156,99450800
2020-09-22,308.7794189453125,63612100
2020-09-23,301.6185607910156,93112200
2020-09-24,302.42242431640625,76681300
2020-09-25,307.3117370605469,71069400
2020-09-28,312.4159851074219,64584600
2020-09-29,310.71453857421875,51304000
2020-09-30,313.0703430175781,104081100
2020-10-01,315.080322265625,88698700
2020-10-02,312.0887756347656,89431100
2020-10-05,317.623046875,45713100
2020-10-06,313.1077575683594,90128900
2020-10-07,318.5579528808594,56999600
2020-10-08,321.3811340332031,45242500
2020-10-09,324.2510681152344,59528600
2020-10-12,329.4675598144531,80388500
2020-10-13,327.3174133300781,73255500
2020-10-14,325.2607727050781,57727900
2020-10-15,324.8587341308594,60357700
2020-10-16,324.66253662109375,89501900
2020-10-19,319.7264099121094,68425600
2020-10-20,321.0071716308594,60051900
2020-10-21,320.3995056152344,63575000
2020-10-22,322.15704345703125,55399300
2020-10-23,323.2508544921875,49143900
2020-10-26,317.2771911621094,91473000
2020-10-27,316.183349609375,65994100
2020-10-28,305.3766174316406,127094300
2020-10-29,308.4803466796875,90597700
2020-10-30,305.26446533203125,120287300
2020-11-02,308.6859436035156,86068300
2020-11-03,314.1361083984375,93294200
2020-11-04,321.15679931640625,126959700
2020-11-05,327.4201965332031,82039700
2020-11-06,327.345458984375,74973000
2020-11-09,331.458740234375,172304200
2020-11-10,330.9726257324219,85552000
2020-11-11,333.43133544921875,58649000
2020-11-12,330.19677734375,67546200
2020-11-13,334.7681579589844,62892200
2020-11-16,338.94696044921875,74541100
2020-11-17,337.1239318847656,66111000
2020-11-18,333.0667724609375,70591300
2020-11-19,334.468994140625,59940900
2020-11-20,332.1785888671875,70417300
2020-11-23,334.16973876953125,63230600
2020-11-24,339.55450439453125,62415900
2020-11-25,339.0310363769531,45330900
2020-11-27,339.9752197265625,28514100
2020-11-30,338.4700927734375,83872700
2020-12-01,342.1719970703125,74231400
2020-12-02,342.8919677734375,45927000
2020-12-03,342.7984313964844,62882000
2020-12-04,345.7525939941406,50749900
2020-12-07,345.0420837402344,48944300
2020-12-08,346.0516357421875,42458900
2020-12-09,342.9479675292969,74098300
2020-12-10,342.83587646484375,57735400
2020-12-11,342.43389892578125,57698600
2020-12-14,340.90069580078125,69216200
2020-12-15,345.50946044921875,63865300
2020-12-16,346.0516357421875,58420500
2020-12-17,347.98681640625,64119500
2020-12-18,346.597412109375,136542300
2020-12-21,345.3581237792969,96386700
2020-12-22,344.7760314941406,47949000
2020-12-23,345.0857849121094,46201400
2020-12-24,346.4283752441406,26457900
2020-12-28,349.4045104980469,39000400
2020-12-29,348.7378845214844,53680500
2020-12-30,349.23541259765625,49455300
2020-12-31,351.0099182128906,78520700
2021-01-04,346.23126220703125,110210800
2021-01-05,348.6158142089844,66426200
2021-01-06,350.70001220703125,107997700
2021-01-07,355.9105224609375,68766800
2021-01-08,357.9384460449219,71677200
2021-01-11,355.5256652832031,51034700
2021-01-12,355.6007385253906,52547700
2021-01-13,356.5583801269531,45303600
2021-01-14,355.30975341796875,49989100
2021-01-15,352.71856689453125,107160000
2021-01-19,355.48809814453125,51233300
2021-01-20,360.40753173828125,61836100
2021-01-21,360.73614501953125,47840100
2021-01-22,359.4593811035156,52860500
2021-01-25,360.8769836425781,70402000
2021-01-26,360.313720703125,42665300
2021-01-27,351.5074462890625,123351100
2021-01-28,354.530517578125,94198100
2021-01-29,347.4329528808594,126765100
2021-02-01,353.2161865234375,75817600
2021-02-02,358.21063232421875,64450700
2021-02-03,358.4922790527344,52427100
2021-02-04,362.56695556640625,47142600
2021-02-05,363.99395751953125,48669800
2021-02-08,366.6226501464844,38365200
2021-02-09,366.3785400390625,35551100
2021-02-10,366.21893310546875,59154400
2021-02-11,366.8104248046875,42913300
2021-02-12,368.622314453125,50593300
2021-02-16,368.3031005859375,50972400
2021-02-17,368.38763427734375,52290600
2021-02-18,366.8198547363281,59712800
2021-02-19,366.17193603515625,83241000
2021-02-22,363.35552978515625,67414200
2021-02-23,363.7966613769531,107284100
2021-02-24,367.8055419921875,72433900
2021-02-25,358.94305419921875,146670500
2021-02-26,357.0934753417969,152701600
2021-03-01,365.7494812011719,105348800
2021-03-02,362.89544677734375,79595300
2021-03-03,358.0887451171875,119940200
2021-03-04,353.6573181152344,183433000
2021-03-05,360.1634216308594,152039600
2021-03-08,358.3703308105469,123149200
2021-03-09,363.4869079589844,113633600
2021-03-10,365.7494812011719,109899400
2021-03-11,369.4578552246094,86245000
2021-03-12,369.9554443359375,64653600
2021-03-15,372.1617431640625,73427200
2021-03-16,371.6922912597656,73722500
2021-03-17,372.9597473144531,97959300
2021-03-18,367.5332946777344,115349100
2021-03-19,366.8532409667969,113624500
2021-03-22,369.7825927734375,73778600
2021-03-23,366.87213134765625,90686600
2021-03-24,365.0070495605469,97588600
2021-03-25,367.0604553222656,116128600
2021-03-26,372.97564697265625,114409100
2021-03-29,372.78729248046875,108107600
2021-03-30,371.7982177734375,76262200
2021-03-31,373.3052673339844,112734200
2021-04-01,377.3366394042969,99682900
2021-04-05,382.7525939941406,91684800
2021-04-06,382.52655029296875,62021000
2021-04-07,382.9692077636719,55836300
2021-04-08,384.787109375,57863100
2021-04-09,387.5845642089844,61104600
2021-04-12,387.72589111328125,56704900
2021-04-13,388.875,56551000
2021-04-14,387.5469055175781,61659900
2021-04-15,391.7101135253906,60229800
2021-04-16,393.01934814453125,82037300
2021-04-19,391.08843994140625,78498500
2021-04-20,388.22509765625,81851800
2021-04-21,391.89849853515625,66793000
2021-04-22,388.3192443847656,97582800
2021-04-23,392.5295104980469,73209200
2021-04-26,393.3489990234375,52182400
2021-04-27,393.2642517089844,51303100
2021-04-28,393.1512451171875,51238900
2021-04-29,395.6566467285156,78544300
2021-04-30,393.0570068359375,85527000
2021-05-03,393.9048156738281,68128300
2021-05-04,391.47467041015625,101591200
2021-05-05,391.5970458984375,60162200
2021-05-06,394.7242126464844,74321400
2021-05-07,397.5970153808594,67733800
2021-05-10,393.6598815917969,81852400
2021-05-11,390.1465148925781,116888000
2021-05-12,381.8577575683594,134811000
2021-05-13,386.44488525390625,106394000
2021-05-14,392.3788757324219,82201600
2021-05-17,391.3804931640625,65129200
2021-05-18,388.0084228515625,59810200
2021-05-19,386.9911193847656,106467100
2021-05-20,391.15435791015625,78022200
2021-05-21,390.83416748046875,76578700
2021-05-24,394.818359375,51376700
2021-05-25,393.9424133300781,57451400
2021-05-26,394.7242126464844,43088600
2021-05-27,394.9314270019531,56707700
2021-05-28,395.6379089355469,58520200
2021-06-01,395.28936767578125,54216600
2021-06-02,395.9110412597656,49097100
2021-06-03,394.441650390625,58138800
2021-06-04,398.0491027832031,55938800
2021-06-07,397.6629638671875,51555000
2021-06-08,397.74774169921875,47134300
2021-06-09,397.154296875,48436300
2021-06-10,399.0004577636719,51020100
2021-06-11,399.6597595214844,45570800
2021-06-14,400.5546875,42358500
2021-06-15,399.8199462890625,51508500
2021-06-16,397.58758544921875,80386100
2021-06-17,397.45574951171875,90949700
2021-06-18,392.0939025878906,118676300
2021-06-21,397.7071228027344,72822000
2021-06-22,399.8333435058594,57700300
2021-06-23,399.35137939453125,49445400
2021-06-24,401.7138671875,45110300
2021-06-25,403.14080810546875,58129500
2021-06-28,403.9534606933594,53159600
2021-06-29,404.1708068847656,35970500
2021-06-30,404.5110778808594,64827900
2021-07-01,406.7506103515625,53441000
2021-07-02,409.859619140625,57697700
2021-07-06,409.1131591796875,68710400
2021-07-07,410.55889892578125,63549500
2021-07-08,407.21368408203125,97595200
2021-07-09,411.5606384277344,76238600
2021-07-12,413.0347900390625,52889600
2021-07-13,411.6267395019531,52911300
2021-07-14,412.2409973144531,64130400
2021-07-15,410.8329772949219,55126400
2021-07-16,407.610595703125,75874700
2021-07-19,401.5909729003906,147987000
2021-07-20,407.345947265625,99608200
2021-07-21,410.64398193359375,64724400
2021-07-22,411.50396728515625,47878500
2021-07-23,415.7374572753906,63766600
2021-07-26,416.7580261230469,43719200
2021-07-27,414.858642578125,67397100
2021-07-28,414.6884765625,52472400
2021-07-29,416.4084167480469,47435300
2021-07-30,414.3861389160156,68951200
2021-08-02,413.5167236328125,58783300
2021-08-03,416.88092041015625,58053900
2021-08-04,414.8302917480469,46732200
2021-08-05,417.45733642578125,38969700
2021-08-06,418.1471252441406,46930000
2021-08-09,417.8069763183594,41222600
2021-08-10,418.3267822265625,43339300
2021-08-11,419.36614990234375,44034300
2021-08-12,420.623046875,38909400
2021-08-13,421.38848876953125,39470300
2021-08-16,422.3807373046875,73740000
2021-08-17,419.61187744140625,92673900
2021-08-18,415.019287109375,89351900
2021-08-19,415.6618347167969,92812200
2021-08-20,418.9692687988281,72008700
2021-08-23,422.65478515625,54973000
2021-08-24,423.32568359375,38744700
2021-08-25,424.2139892578125,40529700
2021-08-26,421.70977783203125,57829600
2021-08-27,425.480224609375,77235100
2021-08-30,427.35137939453125,48357400
2021-08-31,426.7181396484375,59300200
2021-09-01,426.9449768066406,48721400
2021-09-02,428.2585754394531,42501000
2021-09-03,428.1545104980469,47170500
2021-09-07,426.6236572265625,51671500
2021-09-08,426.1039733886719,56181900
2021-09-09,424.28009033203125,57970400
2021-09-10,420.9348449707031,89948200
2021-09-13,422.0121765136719,83738600
2021-09-14,419.7347717285156,78197100
2021-09-15,423.24072265625,78792200
2021-09-16,422.5697021484375,77786700
2021-09-17,418.4535217285156,118425000
2021-09-20,411.47607421875,166445500
2021-09-21,411.0873718261719,92526100
2021-09-22,415.0975036621094,102350100
2021-09-23,420.140869140625,76396000
2021-09-24,420.83294677734375,62094800
2021-09-27,419.6289978027344,61371100
2021-09-28,411.17266845703125,130436300
2021-09-29,411.86480712890625,82329200
2021-09-30,406.8307800292969,140506000
2021-10-01,411.6656494140625,129240100
2021-10-04,406.3568420410156,128570000
2021-10-05,410.5849304199219,90682500
2021-10-06,412.2912902832031,113032200
2021-10-07,415.85589599609375,72437500
2021-10-08,415.0975036621094,74557400
2021-10-11,412.09228515625,65233300
2021-10-12,411.0779113769531,71181200
2021-10-13,412.5567932128906,72974000
2021-10-14,419.4962463378906,70236800
2021-10-15,422.6910095214844,66260200
2021-10-18,423.9424133300781,62213200
2021-10-19,427.21307373046875,46996800
2021-10-20,428.89111328125,49571600
2021-10-21,430.0096740722656,41305400
2021-10-22,429.56414794921875,58845100
2021-10-25,431.8678283691406,45214500
2021-10-26,432.2564697265625,56075100
2021-10-27,430.341552734375,72438000
2021-10-28,434.4938049316406,51437900
2021-10-29,435.3755187988281,70162400
2021-11-01,436.1244201660156,48433600
2021-11-02,437.8876953125,48908400
2021-11-03,440.5611267089844,52509800
2021-11-04,442.6372985839844,52847100
2021-11-05,444.17303466796875,66390600
2021-11-08,444.55230712890625,50405200
2021-11-09,443.0828552246094,51149100
2021-11-10,439.5184020996094,69429700
2021-11-11,439.6604919433594,34848500
2021-11-12,442.9785461425781,53466700
2021-11-15,443.1302490234375,46980500
2021-11-16,444.884033203125,48857500
2021-11-17,443.8033752441406,47858300
2021-11-18,445.3106994628906,50625600
2021-11-19,444.5143737792969,57315600
2021-11-22,443.262939453125,72762000
2021-11-23,443.85076904296875,73206500
2021-11-24,445.0357971191406,61858800
2021-11-26,435.110107421875,112669600
2021-11-29,440.4473571777344,86268800
2021-11-30,431.8773193359375,148559600
2021-12-01,427.0803527832031,131939200
2021-12-02,433.62164306640625,127637800
2021-12-03,429.8486022949219,137331600
2021-12-06,434.93939208984375,98977500
2021-12-07,443.93603515625,95484700
2021-12-08,445.1116027832031,72238800
2021-12-09,442.1064147949219,61272600
2021-12-10,446.26812744140625,77159800
2021-12-13,442.3149719238281,87724700
2021-12-14,439.27178955078125,97264100
2021-12-15,446.13543701171875,116899300
2021-12-16,442.20123291015625,116568600
2021-12-17,437.494873046875,135511600
2021-12-20,432.84283447265625,107134800
2021-12-21,440.52972412109375,69806300
2021-12-22,444.9344482421875,58890200
2021-12-23,447.70281982421875,56439700
2021-12-27,454.0387878417969,56808600
2021-12-28,453.6677551269531,47274600
2021-12-29,454.2481384277344,54503000
2021-12-30,452.9923095703125,55329000
2021-12-31,451.8506774902344,65237400
2022-01-03,454.4668884277344,72668200
2022-01-04,454.3146667480469,71178700
2022-01-05,445.5907897949219,104538900
2022-01-06,445.17230224609375,86858900
2022-01-07,443.4122009277344,85111600
2022-01-10,442.8605041503906,119362000
2022-01-11,446.8941955566406,74303100
2022-01-12,448.1024169921875,67605400
2022-01-13,441.9281921386719,91173100
2022-01-14,442.10888671875,95890900
2022-01-18,434.27935791015625,109709100
2022-01-19,429.7699890136719,109357600
2022-01-20,425.01324462890625,122379700
2022-01-21,416.6700439453125,202271200
2022-01-24,418.439453125,251783900
2022-01-25,413.33074951171875,167997300
2022-01-26,412.2937927246094,186391100
2022-01-27,410.25787353515625,149878300
2022-01-28,420.4468688964844,164457400
2022-01-31,428.01947021484375,152251400
2022-02-01,430.91162109375,123155400
2022-02-02,435.0975036621094,117361000
2022-02-03,424.8706359863281,118024400
2022-02-04,426.86846923828125,118454400
2022-02-07,425.4985046386719,84472900
2022-02-08,428.99945068359375,81012000
2022-02-09,435.2782897949219,92589900
2022-02-10,427.45819091796875,140103700
2022-02-11,419.0292663574219,153214600
2022-02-14,417.6593017578125,123006300
2022-02-15,424.3948974609375,88482700
2022-02-16,424.8706359863281,84863600
2022-02-17,415.7947082519531,102259100
2022-02-18,413.1024475097656,132642900
2022-02-22,408.669189453125,124391800
2022-02-23,401.41998291015625,132578000
2022-02-24,407.4609680175781,213942900
2022-02-25,416.4511413574219,121804500
2022-02-28,415.3856201171875,145615000
2022-03-01,409.0592346191406,137785900
2022-03-02,416.58441162109375,117726500
2022-03-03,414.51043701171875,105501700
2022-03-04,411.1426696777344,113978200
2022-03-07,399.0225524902344,137896600
2022-03-08,395.9972839355469,164772700
2022-03-09,406.6142883300781,116990800
2022-03-10,404.7781677246094,93972700
2022-03-11,399.63140869140625,95636300
2022-03-14,396.7107238769531,95729200
2022-03-15,405.43463134765625,106219100
2022-03-16,414.42474365234375,144954800
2022-03-17,419.609619140625,102676900
2022-03-18,424.20550537109375,106345500
2022-03-21,424.08154296875,88349800
2022-03-22,429.04376220703125,74650400
2022-03-23,423.5184326171875,79426100
2022-03-24,429.9027099609375,64736900
2022-03-25,432.00213623046875,77101300
2022-03-28,435.0750427246094,68529800
2022-03-29,440.457275390625,86581500
2022-03-30,437.737548828125,79666900
2022-03-31,431.00018310546875,121699900
2022-04-01,432.2216796875,89048800
2022-04-04,435.92431640625,59601000
2022-04-05,430.4179992675781,74214500
2022-04-06,426.1141357421875,106898000
2022-04-07,428.26129150390625,78097200
2022-04-08,427.11614990234375,79272700
2022-04-11,419.8157958984375,89770500
2022-04-12,418.2602233886719,84363600
2022-04-13,423.0508117675781,74070400
2022-04-14,417.7831115722656,97869500
2022-04-18,417.954833984375,66002500
2022-04-19,424.7018127441406,77821000
2022-04-20,424.3868408203125,65224400
2022-04-21,418.0407409667969,85417300
2022-04-22,406.5700988769531,132471800
2022-04-25,408.9271545410156,119647700
2022-04-26,397.0843200683594,103996300
2022-04-27,398.2008972167969,122030000
2022-04-28,408.2591552734375,105449100
2022-04-29,393.17169189453125,145491100
2022-05-02,395.5384521484375,158312500
2022-05-03,397.3514709472656,100028200
2022-05-04,409.4520263671875,144247900
2022-05-05,394.8989562988281,172929100
2022-05-06,392.5418395996094,151770800
2022-05-09,379.9737243652344,155586100
2022-05-10,380.8516845703125,132497200
2022-05-11,374.8013610839844,142361000
2022-05-12,374.4101257324219,125090800
2022-05-13,383.36151123046875,104174400
2022-05-16,381.8059387207031,78622400
2022-05-17,389.65985107421875,83029700
2022-05-18,373.9520263671875,117674500
2022-05-19,371.6617431640625,98510700
2022-05-20,371.823974609375,131432200
2022-05-23,378.7807922363281,76414900
2022-05-24,375.8892822265625,91448800
2022-05-25,379.2103576660156,91472900
2022-05-26,386.78741455078125,82168300
2022-05-27,396.2827453613281,84768700
2022-05-31,394.0591735839844,95937000
2022-06-01,390.871826171875,86585800
2022-06-02,398.3153991699219,79609600
2022-06-03,391.7784423828125,71874300
2022-06-06,392.9712829589844,57508900
2022-06-07,396.7407531738281,59272400
2022-06-08,392.42730712890625,64350000
2022-06-09,383.0942687988281,86289800
2022-06-10,371.9861755371094,132893900
2022-06-13,357.862548828125,170004900
2022-06-14,356.78424072265625,104011800
2022-06-15,361.87060546875,125666800
2022-06-16,349.8941955566406,134473300
2022-06-17,350.6484680175781,111113900
2022-06-21,359.4754943847656,76811900
2022-06-22,358.82379150390625,90059400
2022-06-23,362.34112548828125,79292100
2022-06-24,373.8614196777344,98050300
2022-06-27,372.4333801269531,66009600
2022-06-28,364.8235168457031,86548900
2022-06-29,364.5264892578125,65676000
2022-06-30,361.5648193359375,112508300
2022-07-01,365.3890075683594,74839700
2022-07-05,366.0790100097656,81438000
2022-07-06,367.31549072265625,70426200
2022-07-07,372.8167724609375,64525900
2022-07-08,372.51007080078125,72397800
2022-07-11,368.25469970703125,58366900
2022-07-12,364.9960021972656,62219200
2022-07-13,363.0791931152344,84224600
2022-07-14,362.1974182128906,89704800
2022-07-15,369.1172180175781,79060400
2022-07-18,366.0694885253906,63203600
2022-07-19,375.9603576660156,78506000
2022-07-20,378.3564453125,71843800
2022-07-21,382.2093505859375,64903900
2022-07-22,378.6631164550781,72197300
2022-07-25,379.1231994628906,53631500
2022-07-26,374.63775634765625,52946400
2022-07-27,384.36578369140625,82342100
2022-07-28,389.1866455078125,73966600
2022-07-29,394.8605041503906,87003700
2022-08-01,393.6911926269531,69997500
2022-08-02,391.0939025878906,63435400
2022-08-03,397.21820068359375,67820600
2022-08-04,396.9498596191406,45656600
2022-08-05,396.2789306640625,56814900
2022-08-08,395.8188781738281,53886100
2022-08-09,394.24713134765625,44931800
2022-08-10,402.5278625488281,68665700
2022-08-11,402.5278625488281,59489700
2022-08-12,409.34222412109375,61694500
2022-08-15,411.0290832519531,54048300
2022-08-16,411.83416748046875,59289000
2022-08-17,408.9110107421875,63563400
2022-08-18,410.099365234375,49023200
2022-08-19,404.5884704589844,68016900
2022-08-22,396.1639404296875,77695600
2022-08-23,395.20556640625,49105200
2022-08-24,396.47064208984375,49177800
2022-08-25,402.0678405761719,50942300
2022-08-26,388.4582214355469,103087000
2022-08-29,385.8896789550781,65370800
2022-08-30,381.6534423828125,85652400
2022-08-31,378.7494201660156,76029700
2022-09-01,379.9378356933594,78740100
2022-09-02,375.9316711425781,99632100
2022-09-06,374.5132141113281,76637400
2022-09-07,381.2413330078125,70964200
2022-09-08,383.7331848144531,80821700
2022-09-09,389.6946105957031,76706900
2022-09-12,393.8829040527344,69256300
2022-09-13,376.7558898925781,122947100
2022-09-14,378.19354248046875,85023700
2022-09-15,373.8998107910156,87633800
2022-09-16,371.04730224609375,103084800
2022-09-19,373.9247741699219,73278500
2022-09-20,369.6326599121094,77274900
2022-09-21,363.1849060058594,106746600
2022-09-22,360.1341247558594,89472600
2022-09-23,354.1002197265625,122346900
2022-09-26,350.59722900390625,92581200
2022-09-27,349.70220947265625,108294100
2022-09-28,356.5830993652344,110802200
2022-09-29,349.1344299316406,112952300
2022-09-30,343.735595703125,153711200
2022-10-03,352.8106384277344,89756500
2022-10-04,363.7430419921875,103602800
2022-10-05,362.89617919921875,88065700
2022-10-06,359.1525573730469,82333500
2022-10-07,349.1344299316406,107789500
2022-10-10,346.4686584472656,76042800
2022-10-11,344.27447509765625,92482800
2022-10-12,343.1389465332031,76991800
2022-10-13,352.1947021484375,147254500
2022-10-14,344.16864013671875,123737000
2022-10-17,353.0127258300781,93168200
2022-10-18,357.1604919433594,97162900
2022-10-19,354.6295166015625,79746900
2022-10-20,351.65582275390625,88283100
2022-10-21,360.20159912109375,131038400
2022-10-24,364.609130859375,85436900
2022-10-25,370.4314880371094,78846300
2022-10-26,367.64056396484375,104087300
2022-10-27,365.67742919921875,81971800
2022-10-28,374.3771057128906,100302000
2022-10-31,371.6728515625,96631300
2022-11-01,370.0464782714844,85407600
2022-11-02,360.75970458984375,126990400
2022-11-03,357.0450439453125,87100100
2022-11-04,362.1840515136719,103505200
2022-11-07,365.6484680175781,68286900
2022-11-08,367.621337890625,84641100
2022-11-09,360.047607421875,78495500
2022-11-10,379.83367919921875,141455800
2022-11-11,383.50994873046875,93839900
2022-11-14,380.24749755859375,71903500
2022-11-15,383.4906921386719,93194500
2022-11-16,380.5650634765625,68508500
2022-11-17,379.4006652832031,74496300
2022-11-18,381.1231994628906,92922500
2022-11-21,379.7374267578125,51243200
2022-11-22,384.8475646972656,60429000
2022-11-23,387.272705078125,68261600
2022-11-25,387.18609619140625,30545400
2022-11-28,381.00775146484375,67881600
2022-11-29,380.3533935546875,52310000
2022-11-30,392.3347473144531,144566700
2022-12-01,392.0460205078125,76398200
2022-12-02,391.5937194824219,85342700
2022-12-05,384.54925537109375,77289800
2022-12-06,379.0059814453125,77972200
2022-12-07,378.3612976074219,65927900
2022-12-08,381.3253479003906,60737900
2022-12-09,378.476806640625,81447700
2022-12-12,383.9333190917969,75405800
2022-12-13,386.83966064453125,123782500
2022-12-14,384.3664245605469,108111300
2022-12-15,374.96417236328125,117705900
2022-12-16,370.5372619628906,119858000
2022-12-19,367.3952331542969,79878100
2022-12-20,367.89801025390625,74427200
2022-12-21,373.3989562988281,78167400
2022-12-22,368.0719909667969,100120900
2022-12-23,370.18927001953125,59857300
2022-12-27,368.72943115234375,51638200
2022-12-28,364.14691162109375,70911500
2022-12-29,370.70166015625,66970900
2022-12-30,369.72515869140625,84022200
2023-01-03,368.1686706542969,74850700
2023-01-04,371.01104736328125,85934100
2023-01-05,366.7765197753906,76970500
2023-01-06,375.18743896484375,104189600
2023-01-09,374.97479248046875,73978100
2023-01-10,377.6044006347656,65358100
2023-01-11,382.3803405761719,68881100
2023-01-12,383.7724609375,90157700
2023-01-13,385.2613525390625,63903900
2023-01-17,384.5555725097656,62677300
2023-01-18,378.4842224121094,99632300
2023-01-19,375.72894287109375,86958900
2023-01-20,382.7283935546875,91806400
2023-01-23,387.3205871582031,84178800
2023-01-24,386.90484619140625,59524900
2023-01-25,387.0498962402344,84800300
2023-01-26,391.3037109375,72287400
2023-01-27,392.20281982421875,68346200
2023-01-30,387.2818603515625,74202000
2023-01-31,392.97625732421875,86811800
2023-02-01,397.15264892578125,101459200
2023-02-02,402.9340515136719,101654500
2023-02-03,398.6512145996094,94736800
2023-02-06,396.2148742675781,60295300
2023-02-07,401.39691162109375,90990700
2023-02-08,397.0076904296875,76227500
2023-02-09,393.56591796875,78694900
2023-02-10,394.4844055175781,70769700
2023-02-13,399.115234375,64913500
2023-02-14,398.9315490722656,88389300
2023-02-15,400.2270812988281,61555700
2023-02-16,394.7164001464844,76431500
2023-02-17,393.73028564453125,89257800
2023-02-21,385.83172607421875,82655900
2023-02-22,385.29998779296875,83742300
2023-02-23,387.349609375,96242400
2023-02-24,383.21173095703125,108194400
2023-02-27,384.516845703125,80444700
2023-02-28,383.095703125,96438600
2023-03-01,381.626220703125,99706800
2023-03-02,384.59423828125,85127800
2023-03-03,390.76226806640625,90120000
2023-03-06,391.03302001953125,72795900
2023-03-07,385.0389099121094,108310600
2023-03-08,385.6673889160156,74746600
2023-03-09,378.5518798828125,111945300
2023-03-10,373.0895690917969,189253000
2023-03-13,372.557861328125,157790000
2023-03-14,378.7162170410156,149752400
2023-03-15,376.34765625,172996900
2023-03-16,382.95068359375,143254200
2023-03-17,378.4729919433594,140553400
2023-03-20,382.1122131347656,93055800
2023-03-21,387.1295471191406,91524200
2023-03-22,380.5303039550781,111746600
2023-03-23,381.5590515136719,119351300
2023-03-24,384.0628967285156,107682400
2023-03-27,384.7810363769531,74010400
2023-03-28,383.91729736328125,62871700
2023-03-29,389.4975280761719,77497900
2023-03-30,391.7781677246094,69840000
2023-03-31,397.3000793457031,112062600
2023-04-03,398.81402587890625,67391100
2023-04-04,396.6013488769531,66601500
2023-04-05,395.5629577636719,65200200
2023-04-06,397.1059875488281,63743300
2023-04-10,397.5135498046875,63681000
2023-04-11,397.620361328125,59297900
2023-04-12,395.9996337890625,86420400
2023-04-13,401.25958251953125,85814800
2023-04-14,400.2794189453125,78161500
2023-04-17,401.7156982421875,66436400
2023-04-18,401.9776916503906,63560000
2023-04-19,401.9097900390625,55227300
2023-04-20,399.716552734375,75840400
2023-04-21,400.0271301269531,73457400
2023-04-24,400.44439697265625,64332100
2023-04-25,394.08782958984375,97766700
2023-04-26,392.4185791015625,80447000
2023-04-27,400.23089599609375,92968400
2023-04-28,403.64691162109375,89433100
2023-05-01,403.2393493652344,62122300
2023-05-02,398.707275390625,103998500
2023-05-03,395.97052001953125,91531800
2023-05-04,393.16583251953125,94901900
2023-05-05,400.44439697265625,87891800
2023-05-08,400.5511474609375,50046800
2023-05-09,398.79461669921875,49220100
2023-05-10,400.65789794921875,96142900
2023-05-11,399.95916748046875,70157100
2023-05-12,399.43511962890625,70481500
2023-05-15,400.813232421875,54289400
2023-05-16,398.1346740722656,57705500
2023-05-17,402.9676208496094,87287000
2023-05-18,406.8494567871094,97177200
2023-05-19,406.25750732421875,103793300
2023-05-22,406.4225158691406,60745400
2023-05-23,401.86126708984375,86383500
2023-05-24,398.9498291015625,89213700
2023-05-25,402.4047546386719,90961600
2023-05-26,407.61614990234375,93830000
2023-05-30,407.7713928222656,72216000
2023-05-31,405.5102844238281,110811800
2023-06-01,409.36297607421875,88865000
2023-06-02,415.28289794921875,91426200
2023-06-05,414.4870910644531,65460200
2023-06-06,415.3896179199219,64022200
2023-06-07,413.95330810546875,85373300
2023-06-08,416.45709228515625,61952800
2023-06-09,417.20440673828125,85742800
2023-06-12,420.98919677734375,76104300
2023-06-13,423.76470947265625,95899700
2023-06-14,424.26934814453125,100612100
2023-06-15,429.52935791015625,110303100
2023-06-16,428.0662841796875,114165800
2023-06-20,425.8453674316406,76160400
2023-06-21,423.6634826660156,76982300
2023-06-22,425.19281005859375,70637200
2023-06-23,421.9782409667969,92074500
2023-06-26,420.2541809082031,72823600
2023-06-27,424.861572265625,72813700
2023-06-28,425.07586669921875,75636000
2023-06-29,426.751220703125,67882300
2023-06-30,431.7872009277344,104964000
2023-07-03,432.28399658203125,32793400
2023-07-05,431.64111328125,58418400
2023-07-06,428.2610778808594,80658300
2023-07-07,427.1798095703125,86134200
2023-07-10,428.2610778808594,62443500
2023-07-11,430.9885559082031,64463800
2023-07-12,434.4562072753906,91924500
2023-07-13,437.90435791015625,72425200
2023-07-14,437.63165283203125,69815800
2023-07-17,439.1512451171875,52680200
2023-07-18,442.41436767578125,80668200
2023-07-19,443.3981628417969,65891700
2023-07-20,440.4564514160156,70591600
2023-07-21,440.4564514160156,71275600
2023-07-24,442.42413330078125,54023400
2023-07-25,443.6319580078125,55191200
2023-07-26,443.70013427734375,71052900
2023-07-27,440.7584533691406,92194400
2023-07-28,445.0735778808594,80011800
2023-07-31,445.9209899902344,62040400
2023-08-01,444.64501953125,55291500
2023-08-02,438.4595947265625,93933400
2023-08-03,437.20306396484375,64276100
2023-08-04,435.2257080078125,100128900
2023-08-07,439.02459716796875,58357500
2023-08-08,437.1153869628906,71361300
2023-08-09,434.19317626953125,78789600
2023-08-10,434.34906005859375,93005500
2023-08-11,434.0957946777344,68690900
2023-08-14,436.491943359375,47867400
2023-08-15,431.4073486328125,75707500
2023-08-16,428.2416076660156,80107200
2023-08-17,424.978515625,95711300
2023-08-18,425.18304443359375,98852000
2023-08-21,427.9493713378906,68719000
2023-08-22,426.7901916503906,64994200
2023-08-23,431.54376220703125,68441000
2023-08-24,425.5629577636719,88517300
2023-08-25,428.56304931640625,102325100
2023-08-28,431.2807312011719,61595400
2023-08-29,437.5147399902344,83081900
2023-08-30,439.3168640136719,69053900
2023-08-31,438.6739501953125,66084600
2023-09-01,439.4921875,58944100
2023-09-05,437.5926818847656,55166200
2023-09-06,434.6509704589844,70758500
2023-09-07,433.3165588378906,70355400
2023-09-08,433.9691467285156,61659700
2023-09-11,436.8231506347656,60180100
2023-09-12,434.4269714355469,67565400
2023-09-13,434.9334716796875,60199300
2023-09-14,438.68365478515625,83430800
2023-09-15,433.3983154296875,111848900
2023-09-18,433.65240478515625,55752200
2023-09-19,432.75311279296875,66514600
2023-09-20,428.774658203125,82562600
2023-09-21,421.68768310546875,104095800
2023-09-22,420.7394714355469,100829700
2023-09-25,422.50885009765625,70874500
2023-09-26,416.3016357421875,96168400
2023-09-27,416.4678039550781,104705800
2023-09-28,418.88226318359375,92258300
2023-09-29,417.8656921386719,115111300
2023-10-02,417.6994934082031,83798600
2023-10-03,412.1081237792969,103760600
2023-10-04,415.10906982421875,87453000
2023-10-05,414.9526672363281,70142700
2023-10-06,419.8793029785156,113273300
2023-10-09,422.56744384765625,80374400
2023-10-10,424.7668762207031,78607300
2023-10-11,426.5068664550781,62451700
2023-10-12,423.9066467285156,81154200
2023-10-13,421.79522705078125,95143100
2023-10-16,426.2331237792969,75433200
2023-10-17,426.2135925292969,75324700
2023-10-18,420.5342102050781,93559800
2023-10-19,416.8392639160156,121323000
2023-10-20,411.7171325683594,123919900
2023-10-23,411.0035095214844,92035100
2023-10-24,414.1022644042969,78564200
2023-10-25,408.1589660644531,94223200
2023-10-26,403.27142333984375,115156800
2023-10-27,401.4435119628906,107367700
2023-10-30,406.2430419921875,86562700
2023-10-31,408.79437255859375,79665200
2023-11-01,413.1540222167969,98068100
2023-11-02,421.0718994140625,94938900
2023-11-03,424.9134826660156,100167800
2023-11-06,425.8909912109375,67831700
2023-11-07,427.1031188964844,64256100
2023-11-08,427.4159240722656,61746000
2023-11-09,424.08258056640625,83174400
2023-11-10,430.7002868652344,89462200
2023-11-13,430.2897644042969,52236100
2023-11-14,438.63775634765625,97176900
2023-11-15,439.56634521484375,77327600
2023-11-16,440.1039733886719,66665800
2023-11-17,440.6513977050781,83133200
2023-11-20,444.0433349609375,69936200
2023-11-21,443.07562255859375,49244600
2023-11-22,444.7862243652344,59394900
2023-11-24,445.0599365234375,29737400
2023-11-27,444.2583923339844,50506000
2023-11-28,444.6982727050781,62115000
2023-11-29,444.38543701171875,63146000
2023-11-30,446.13519287109375,79752700
2023-12-01,448.7745056152344,89183400
2023-12-04,446.418701171875,72430900
2023-12-05,446.3307189941406,69793500
2023-12-06,444.5321044921875,69124700
2023-12-07,447.92401123046875,66995400
2023-12-08,449.8497314453125,83194400
2023-12-11,451.5994567871094,65002200
2023-12-12,453.6620178222656,68327600
2023-12-13,459.9180908203125,93278000
2023-12-14,461.3941345214844,119026000
2023-12-15,460.6344299316406,141553700
2023-12-18,463.2255859375,70375300
2023-12-19,466.0423583984375,55761800
2023-12-20,459.58428955078125,102921000
2023-12-21,463.9419860839844,86667500
2023-12-22,464.8744201660156,67160400
2023-12-26,466.8373718261719,55387000
2023-12-27,467.68145751953125,68000300
2023-12-28,467.8581237792969,77158100
2023-12-29,466.503662109375,122283100
