Date,Close,Volume
2015-01-02,171.5680389404297,121465900
2015-01-05,168.46954345703125,169632600
2015-01-06,166.8827667236328,209151400
2015-01-07,168.9623565673828,125346700
2015-01-08,171.9605712890625,147217800
2015-01-09,170.58253479003906,158567300
2015-01-12,169.24624633789062,144396100
2015-01-13,168.77024841308594,214553300
2015-01-14,167.75137329101562,192991100
2015-01-15,166.214599609375,176613900
2015-01-16,168.39442443847656,211879600
2015-01-20,168.75352478027344,130991100
2015-01-21,169.6053924560547,122942700
2015-01-22,172.1276092529297,174356000
2015-01-23,171.1838836669922,117516800
2015-01-26,171.584716796875,92009700
2015-01-27,169.3214569091797,134044600
2015-01-28,167.15000915527344,168514300
2015-01-29,168.69508361816406,173585400
2015-01-30,166.57373046875,197729700
2015-02-02,168.63662719726562,163107000
2015-02-03,171.07530212402344,124212900
2015-02-04,170.42384338378906,134306700
2015-02-05,172.1443328857422,97953200
2015-02-06,171.6682586669922,125672000
2015-02-09,170.89990234375,87219000
2015-02-10,172.7205352783203,96164200
2015-02-11,172.82077026367188,91087800
2015-02-12,174.48277282714844,97545900
2015-02-13,175.20101928710938,93670400
2015-02-17,175.4766082763672,76968200
2015-02-18,175.4932861328125,80652900
2015-02-19,175.36802673339844,91462500
2015-02-20,176.42034912109375,140896400
2015-02-23,176.39529418945312,74411100
2015-02-24,176.89634704589844,72472300
2015-02-25,176.74606323242188,73061700
2015-02-26,176.53726196289062,72697900
2015-02-27,175.93594360351562,108076000
2015-03-02,177.0467529296875,87491400
2015-03-03,176.3201446533203,110325800
2015-03-04,175.5768280029297,114497200
2015-03-05,175.7689208984375,76873000
2015-03-06,173.2967987060547,188128000
2015-03-09,174.01502990722656,89818900
2015-03-10,171.19216918945312,157121300
2015-03-11,170.7913055419922,110145700
2015-03-12,172.96273803710938,93993500
2015-03-13,171.902099609375,162410900
2015-03-16,174.1988067626953,136099200
2015-03-17,173.6810302734375,94510400
2015-03-18,175.7689208984375,228808500
2015-03-19,174.9672088623047,117917300
2015-03-20,176.5115966796875,177715100
2015-03-23,176.1676025390625,71784500
2015-03-24,175.17776489257812,77805300
2015-03-25,172.61074829101562,159521700
2015-03-26,172.19970703125,153067200
2015-03-27,172.5939178466797,118939000
2015-03-30,174.6995849609375,96180400
2015-03-31,173.1727752685547,126768700
2015-04-01,172.5603485107422,137303600
2015-04-02,173.18113708496094,86900900
2015-04-06,174.34722900390625,114368200
2015-04-07,173.8858642578125,81236300
2015-04-08,174.47305297851562,89351900
2015-04-09,175.2448272705078,85548900
2015-04-10,176.20120239257812,72722900
2015-04-13,175.40420532226562,74436600
2015-04-14,175.7397918701172,75099900
2015-04-15,176.52830505371094,99529300
2015-04-16,176.47799682617188,68934900
2015-04-17,174.44790649414062,191113200
2015-04-20,176.04180908203125,92189500
2015-04-21,175.83206176757812,72559800
2015-04-22,176.6961212158203,78264600
2015-04-23,177.1407470703125,102585900
2015-04-24,177.5517578125,61327400
2015-04-27,176.8135528564453,79358100
2015-04-28,177.37562561035156,86863500
2015-04-29,176.6457977294922,125684900
2015-04-30,174.87567138671875,161304900
2015-05-01,176.77163696289062,103399700
2015-05-04,177.2749481201172,70927200
2015-05-05,175.2448272705078,113326200
2015-05-06,174.52342224121094,135060200
2015-05-07,175.21974182128906,88244900
2015-05-08,177.52662658691406,155877300
2015-05-11,176.6793670654297,75708100
2015-05-12,176.15086364746094,119727600
2015-05-13,176.1844024658203,94667900
2015-05-14,178.02159118652344,95934000
2015-05-15,178.21450805664062,76510100
2015-05-18,178.7681884765625,74549700
2015-05-19,178.70945739746094,72114600
2015-05-20,178.5836181640625,76857500
2015-05-21,179.103759765625,64764600
2015-05-22,178.67593383789062,57433500
2015-05-26,176.75486755371094,124308600
2015-05-27,178.43258666992188,93214000
2015-05-28,178.2312774658203,74974600
2015-05-29,177.1239471435547,124919600
2015-06-01,177.4846649169922,93338800
2015-06-02,177.30853271484375,91531000
2015-06-03,177.77830505371094,87820900
2015-06-04,176.27667236328125,151882800
2015-06-05,175.9746856689453,121704700
2015-06-08,174.8925323486328,89063300
2015-06-09,174.86734008789062,105034700
2015-06-10,176.96463012695312,134551300
2015-06-11,177.5350341796875,73876400
2015-06-12,176.17605590820312,135382400
2015-06-15,175.42098999023438,124384200
2015-06-16,176.37733459472656,85308200
2015-06-17,176.66253662109375,126708600
2015-06-18,178.49972534179688,165867900
2015-06-19,177.7073211669922,130478700
2015-06-22,178.61773681640625,70696000
2015-06-23,178.74420166015625,68476800
2015-06-24,177.44610595703125,92307300
2015-06-25,176.90655517578125,97107400
2015-06-26,176.87283325195312,104174800
2015-06-29,173.16368103027344,202621300
2015-06-30,173.5261993408203,182925100
2015-07-01,174.91705322265625,135979900
2015-07-02,174.75694274902344,104373700
2015-07-06,174.2595672607422,117975400
2015-07-07,175.3553924560547,173820200
2015-07-08,172.41343688964844,164020100
2015-07-09,172.72531127929688,144113100
2015-07-10,174.9002227783203,129456900
2015-07-13,176.8306884765625,106069400
2015-07-14,177.5977325439453,81709600
2015-07-15,177.538818359375,97914100
2015-07-16,178.96340942382812,106683300
2015-07-17,179.11512756347656,89030000
2015-07-20,179.20787048339844,70446800
2015-07-21,178.49969482421875,77965000
2015-07-22,178.17941284179688,88667900
2015-07-23,177.17623901367188,90509100
2015-07-24,175.33860778808594,117755000
2015-07-27,174.31861877441406,132361100
2015-07-28,176.4597625732422,123544800
2015-07-29,177.67364501953125,105791300
2015-07-30,177.71580505371094,91304400
2015-07-31,177.44610595703125,103266900
2015-08-03,176.8474884033203,113965700
2015-08-04,176.50189208984375,81820800
2015-08-05,177.0835418701172,85786800
2015-08-06,175.63365173339844,116030800
2015-08-07,175.2964324951172,117858000
2015-08-10,177.5050506591797,80270700
2015-08-11,175.9033660888672,126081400
2015-08-12,176.1141357421875,172123700
2015-08-13,175.8949432373047,89383300
2015-08-14,176.53562927246094,72786500
2015-08-17,177.5218505859375,79072600
2015-08-18,177.00767517089844,71692700
2015-08-19,175.6083984375,172946000
2015-08-20,171.94142150878906,194327900
2015-08-21,166.7655487060547,346588500
2015-08-24,159.74354553222656,507244300
2015-08-25,157.86373901367188,369833100
2015-08-26,163.9246826171875,339257000
2015-08-27,167.97946166992188,274143900
2015-08-28,167.98788452148438,160414400
2015-08-31,166.6306915283203,163298800
2015-09-01,161.65713500976562,256000400
2015-09-02,164.7255401611328,160269300
2015-09-03,164.84353637695312,152087800
2015-09-04,162.34835815429688,207081000
2015-09-08,166.4283447265625,116025700
2015-09-09,164.20289611816406,149347700
2015-09-10,165.096435546875,158611100
2015-09-11,165.84671020507812,119691200
2015-09-14,165.23138427734375,79452000
2015-09-15,167.29660034179688,113806200
2015-09-16,168.74652099609375,99581600
2015-09-17,168.36715698242188,276046600
2015-09-18,165.61581420898438,223657500
2015-09-21,166.47166442871094,105726200
2015-09-22,164.3109130859375,153890900
2015-09-23,164.0482635498047,92790600
2015-09-24,163.4550323486328,159378800
2015-09-25,163.41270446777344,155054800
2015-09-28,159.31149291992188,178515900
2015-09-29,159.40472412109375,159045600
2015-09-30,162.37890625,163452000
2015-10-01,162.80262756347656,131079000
2015-10-02,165.2344970703125,211003300
2015-10-05,168.17483520507812,126320800
2015-10-06,167.59864807128906,110274500
2015-10-07,168.97137451171875,124307300
2015-10-08,170.49664306640625,153055200
2015-10-09,170.5983123779297,107069200
2015-10-12,170.75926208496094,56395600
2015-10-13,169.68312072753906,88038700
2015-10-14,168.86965942382812,99106200
2015-10-15,171.4625701904297,134142200
2015-10-16,172.24212646484375,114580100
2015-10-19,172.326904296875,76523900
2015-10-20,172.10653686523438,78448500
2015-10-21,171.03895568847656,102038000
2015-10-22,173.9283905029297,174911700
2015-10-23,175.8349151611328,144442300
2015-10-26,175.4027862548828,69033000
2015-10-27,175.06385803222656,77905800
2015-10-28,177.0550994873047,135906700
2015-10-29,176.95346069335938,90525500
2015-10-30,176.1908416748047,131076900
2015-11-02,178.27529907226562,86270800
2015-11-03,178.79220581054688,95246100
2015-11-04,178.24990844726562,96224500
2015-11-05,178.07192993164062,78408700
2015-11-06,177.978759765625,110471500
2015-11-09,176.31793212890625,131008700
2015-11-10,176.7246856689453,75874600
2015-11-11,176.02978515625,67846000
2015-11-12,173.5724639892578,121315200
2015-11-13,171.62353515625,153577100
2015-11-16,174.23342895507812,117645200
2015-11-17,174.10630798339844,121123700
2015-11-18,176.86868286132812,121342500
2015-11-19,176.71624755859375,88220500
2015-11-20,177.36016845703125,94011500
2015-11-23,177.15682983398438,64931200
2015-11-24,177.39410400390625,98874400
2015-11-25,177.3686981201172,51980100
2015-11-27,177.57203674316406,37317800
2015-11-30,176.83482360839844,112822700
2015-12-01,178.52102661132812,97858400
2015-12-02,176.6992645263672,108441300
2015-12-03,174.22500610351562,166224200
2015-12-04,177.62286376953125,192913900
2015-12-07,176.54673767089844,102027100
2015-12-08,175.36036682128906,103372400
2015-12-09,173.99612426757812,162401500
2015-12-10,174.44529724121094,116128900
2015-12-11,171.06431579589844,211173300
2015-12-14,171.92861938476562,182385200
2015-12-15,173.7334747314453,154069600
2015-12-16,176.2755889892578,197017000
2015-12-17,173.58950805664062,173092500
2015-12-18,170.4969482421875,251393500
2015-12-21,171.9033660888672,99094300
2015-12-22,173.4632568359375,111026200
2015-12-23,175.6114044189453,110987200
2015-12-24,175.32151794433594,48539600
2015-12-28,174.92092895507812,65899900
2015-12-29,176.7876739501953,92640700
2015-12-30,175.5345916748047,63317700
2015-12-31,173.7786407470703,114877900
2016-01-04,171.34934997558594,222353500
2016-01-05,171.6392059326172,110845800
2016-01-06,169.47412109375,152112600
2016-01-07,165.4081573486328,213436100
2016-01-08,163.59249877929688,209817200
2016-01-11,163.7544403076172,187941300
2016-01-12,165.07571411132812,172330500
2016-01-13,160.9585723876953,221168900
2016-01-14,163.6010284423828,240795600
2016-01-15,160.08909606933594,324846400
2016-01-19,160.30223083496094,195244400
2016-01-20,158.24795532226562,286547800
2016-01-21,159.1344757080078,195772900
2016-01-22,162.39913940429688,168319600
2016-01-25,159.94422912597656,130371700
2016-01-26,162.12632751464844,141036800
2016-01-27,160.36192321777344,185681700
2016-01-28,161.19723510742188,143798800
2016-01-29,165.12681579589844,210529300
2016-02-01,165.067138671875,136061600
2016-02-02,162.09226989746094,182564900
2016-02-03,163.06399536132812,205054900
2016-02-04,163.3197479248047,139531800
2016-02-05,160.20848083496094,180788300
2016-02-08,158.05191040039062,191526700
2016-02-09,158.06039428710938,184513100
2016-02-10,157.9240264892578,148214100
2016-02-11,155.8697509765625,219058900
2016-02-12,159.08331298828125,127632400
2016-02-16,161.7683563232422,120250700
2016-02-17,164.41079711914062,136009500
2016-02-18,163.73741149902344,102343000
2016-02-19,163.66065979003906,114793000
2016-02-22,166.03041076660156,103640300
2016-02-23,163.9335479736328,111455300
2016-02-24,164.6835479736328,150812200
2016-02-25,166.67820739746094,110728300
2016-02-26,166.2946014404297,129833700
2016-02-29,164.99046325683594,125918100
2016-03-01,168.86886596679688,141799700
2016-03-02,169.62747192382812,102415000
2016-03-03,170.29237365722656,95172200
2016-03-04,170.84646606445312,129293600
2016-03-07,170.9827880859375,100219000
2016-03-08,169.11602783203125,123974900
2016-03-09,169.951416015625,94801200
2016-03-10,170.08779907226562,156838700
2016-03-11,172.83253479003906,137964500
2016-03-14,172.6109161376953,73612000
2016-03-15,172.32958984375,93169100
2016-03-16,173.326904296875,129303200
2016-03-17,174.42648315429688,134278500
2016-03-18,175.11192321777344,138372400
2016-03-21,175.36038208007812,72926700
2016-03-22,175.2661590576172,97471900
2016-03-23,174.1094970703125,81052500
2016-03-24,174.03237915039062,84360900
2016-03-28,174.1351776123047,62408200
2016-03-29,175.74598693847656,92922900
2016-03-30,176.51708984375,86365300
2016-03-31,176.0886688232422,94584100
2016-04-01,177.2882080078125,114423500
2016-04-04,176.71414184570312,63497000
2016-04-05,174.9491424560547,99662200
2016-04-06,176.85975646972656,91839800
2016-04-07,174.74354553222656,113859000
2016-04-08,175.2147216796875,95040600
2016-04-11,174.80349731445312,83757500
2016-04-12,176.43141174316406,115350600
2016-04-13,178.2135467529297,96336400
2016-04-14,178.22210693359375,65212900
2016-04-15,178.02503967285156,75761600
2016-04-18,179.27590942382812,82531000
2016-04-19,179.8414306640625,88316100
2016-04-20,180.0128173828125,81100300
2016-04-21,179.04469299316406,85695000
2016-04-22,179.04469299316406,99251700
2016-04-25,178.73619079589844,66166500
2016-04-26,179.00180053710938,75864200
2016-04-27,179.37026977539062,77329400
2016-04-28,177.74224853515625,97216200
2016-04-29,176.78271484375,142424100
2016-05-02,178.1878662109375,62188000
2016-05-03,176.6370391845703,106422100
2016-05-04,175.65171813964844,92243800
2016-05-05,175.61746215820312,67619200
2016-05-06,176.260009765625,89315000
2016-05-09,176.4057159423828,74374900
2016-05-10,178.5990753173828,77472200
2016-05-11,176.92835998535156,81727000
2016-05-12,176.97975158691406,89586300
2016-05-13,175.4375,96474600
2016-05-16,177.16827392578125,77486800
2016-05-17,175.51458740234375,114924900
2016-05-18,175.56602478027344,120062100
2016-05-19,174.95767211914062,115430500
2016-05-20,176.06298828125,104990400
2016-05-23,175.8230743408203,58682600
2016-05-24,178.10218811035156,93537800
2016-05-25,179.3102264404297,76621400
2016-05-26,179.36163330078125,55280700
2016-05-27,180.1327362060547,64211200
2016-05-31,179.79000854492188,109879400
2016-06-01,180.158447265625,69936200
2016-06-02,180.70680236816406,63044700
2016-06-03,180.16705322265625,101757100
2016-06-06,181.0838165283203,64887000
2016-06-07,181.3665771484375,60974800
2016-06-08,181.95774841308594,66170900
2016-06-09,181.70933532714844,73786900
2016-06-10,179.9871368408203,113829200
2016-06-13,178.5990753173828,117751200
2016-06-14,178.24783325195312,125059300
2016-06-15,177.99929809570312,109124500
2016-06-16,178.53054809570312,149533100
2016-06-17,177.86569213867188,117055700
2016-06-20,179.01113891601562,82789600
2016-06-21,179.519287109375,72461700
2016-06-22,179.2263946533203,95560500
2016-06-23,181.56040954589844,102731400
2016-06-24,175.04078674316406,333444400
2016-06-27,171.9058380126953,230775800
2016-06-28,175.00634765625,159382400
2016-06-29,177.98623657226562,137328600
2016-06-30,180.41497802734375,165021900
2016-07-01,180.79391479492188,106055300
2016-07-05,179.49343872070312,109803700
2016-07-06,180.57000732421875,96021500
2016-07-07,180.45803833007812,85593800
2016-07-08,183.14515686035156,133971000
2016-07-11,183.79107666015625,73633900
2016-07-12,185.1259765625,101275600
2016-07-13,185.10020446777344,87324100
2016-07-14,186.13368225097656,91230900
2016-07-15,185.88392639160156,107155400
2016-07-18,186.38340759277344,58725900
2016-07-19,186.19400024414062,54345700
2016-07-20,186.96910095214844,58159500
2016-07-21,186.2628936767578,67777300
2016-07-22,187.0982666015625,62787500
2016-07-25,186.5901336669922,55873100
2016-07-26,186.6763153076172,70080500
2016-07-27,186.47817993164062,84083900
2016-07-28,186.6935272216797,65035700
2016-07-29,186.9949493408203,79519400
2016-08-01,186.83987426757812,73311400
2016-08-02,185.6427459716797,92295500
2016-08-03,186.1853485107422,53993600
2016-08-04,186.38340759277344,46585500
2016-08-05,187.9078369140625,71892200
2016-08-08,187.79592895507812,39906500
2016-08-09,187.9078369140625,51251700
2016-08-10,187.4428253173828,57941100
2016-08-11,188.31265258789062,72504300
2016-08-12,188.1490020751953,61313500
2016-08-15,188.6915740966797,49813500
2016-08-16,187.71836853027344,53213600
2016-08-17,188.07147216796875,75134300
2016-08-18,188.4935302734375,52989300
2016-08-19,188.21788024902344,75443000
2016-08-22,188.2093048095703,61368800
2016-08-23,188.58824157714844,53399200
2016-08-24,187.62367248535156,71728900
2016-08-25,187.4944610595703,69224800
2016-08-26,187.1413116455078,122506300
2016-08-29,188.06285095214844,70502200
2016-08-30,187.7528533935547,58114500
2016-08-31,187.21888732910156,85269500
2016-09-01,187.2274627685547,97844200
2016-09-02,188.07147216796875,79293900
2016-09-06,188.63992309570312,56702100
2016-09-07,188.62269592285156,76554900
2016-09-08,188.1920623779297,74102900
2016-09-09,183.68777465820312,221589100
2016-09-12,186.3231658935547,168110900
2016-09-13,183.64466857910156,182828800
2016-09-14,183.5757598876953,134185500
2016-09-15,185.4102020263672,134427900
2016-09-16,184.6935272216797,155236400
2016-09-19,184.7281494140625,80250500
2016-09-20,184.73678588867188,69665300
2016-09-21,186.8142852783203,110284400
2016-09-22,187.99143981933594,76678700
2016-09-23,186.9613800048828,73630900
2016-09-26,185.4465789794922,89827300
2016-09-27,186.59780883789062,78494800
2016-09-28,187.5240478515625,87411000
2016-09-29,185.8274383544922,128070600
2016-09-30,187.229736328125,117202900
2016-10-03,186.7796173095703,83512100
2016-10-04,185.8274383544922,119948100
2016-10-05,186.6498260498047,72816000
2016-10-06,186.7796173095703,62927400
2016-10-07,186.13902282714844,89788300
2016-10-10,187.1085205078125,51855000
2016-10-11,184.74545288085938,130367400
2016-10-12,184.98779296875,73866100
2016-10-13,184.38189697265625,101357000
2016-10-14,184.4771270751953,93346200
2016-10-17,183.8365478515625,58275700
2016-10-18,184.98779296875,76869700
2016-10-19,185.48121643066406,66519200
2016-10-20,185.13497924804688,73639800
2016-10-21,185.22149658203125,89089100
2016-10-24,186.00924682617188,60146600
2016-10-25,185.3860321044922,66542300
2016-10-26,185.0137481689453,75705500
2016-10-27,184.5203857421875,77220200
2016-10-28,183.9750518798828,140623200
2016-10-31,183.98370361328125,61272500
2016-11-01,182.6506805419922,122781800
2016-11-02,181.55137634277344,103330800
2016-11-03,180.72042846679688,88939300
2016-11-04,180.52130126953125,109122100
2016-11-07,184.50306701660156,109794900
2016-11-08,185.33407592773438,106772100
2016-11-09,187.2989501953125,258429000
2016-11-10,187.7664031982422,172113300
2016-11-11,187.33360290527344,100552700
2016-11-14,187.48072814941406,94580000
2016-11-15,188.943603515625,91652600
2016-11-16,188.58868408203125,65617700
2016-11-17,189.5581817626953,69797200
2016-11-18,189.13406372070312,86265800
2016-11-21,190.56231689453125,72402600
2016-11-22,190.93447875976562,67429000
2016-11-23,191.03843688964844,56620200
2016-11-25,191.74810791015625,37872300
2016-11-28,190.84793090820312,76572500
2016-11-29,191.22018432617188,69886700
2016-11-30,190.76136779785156,113291800
2016-12-01,190.06028747558594,79040500
2016-12-02,190.15542602539062,74840300
2016-12-05,191.2980499267578,67837800
2016-12-06,191.90399169921875,59877400
2016-12-07,194.41424560546875,110738100
2016-12-08,194.8903350830078,99714400
2016-12-09,196.0675048828125,88005800
2016-12-12,195.84249877929688,102016100
2016-12-13,197.14950561523438,110477500
2016-12-14,195.5221710205078,142501800
2016-12-15,196.3271484375,124972600
2016-12-16,195.94320678710938,156420200
2016-12-19,196.369873046875,90341100
2016-12-20,197.12741088867188,89838800
2016-12-21,196.57882690429688,67909000
2016-12-22,196.23927307128906,56219100
2016-12-23,196.526611328125,36697800
2016-12-27,197.0142059326172,42672500
2016-12-28,195.38595581054688,64095000
2016-12-29,195.34243774414062,48696100
2016-12-30,194.62847900390625,108998300
2017-01-03,196.1173858642578,91366500
2017-01-04,197.28411865234375,78744400
2017-01-05,197.12741088867188,78379000
2017-01-06,197.83267211914062,71559900
2017-01-09,197.17958068847656,46939700
2017-01-10,197.17958068847656,63771900
2017-01-11,197.7368927001953,74650000
2017-01-12,197.24058532714844,72113200
2017-01-13,197.69337463378906,62717900
2017-01-17,196.99679565429688,61240800
2017-01-18,197.43211364746094,54793300
2017-01-19,196.7007598876953,66608800
2017-01-20,197.4234161376953,129168600
2017-01-23,196.90968322753906,75061600
2017-01-24,198.1722412109375,95555300
2017-01-25,199.88751220703125,84437700
2017-01-26,199.67852783203125,59970700
2017-01-27,199.36509704589844,59711100
2017-01-30,198.12869262695312,79737300
2017-01-31,198.1112823486328,75880800
2017-02-01,198.18963623046875,79117700
2017-02-02,198.3202667236328,69657600
2017-02-03,199.687255859375,80563200
2017-02-06,199.33026123046875,57790100
2017-02-07,199.33901977539062,57931200
2017-02-08,199.6002197265625,51566200
2017-02-09,200.7843475341797,65955200
2017-02-10,201.57666015625,66015900
2017-02-13,202.6737823486328,55182100
2017-02-14,203.48345947265625,71109000
2017-02-15,204.54579162597656,86785800
2017-02-16,204.3716278076172,84722400
2017-02-17,204.6938018798828,77204100
2017-02-21,205.91281127929688,88946100
2017-02-22,205.72994995117188,62115200
2017-02-23,205.8692626953125,74615900
2017-02-24,206.13046264648438,82381600
2017-02-27,206.45263671875,56515400
2017-02-28,205.89540100097656,96961900
2017-03-01,208.7773895263672,149158200
2017-03-02,207.46266174316406,70246000
2017-03-03,207.5932159423828,81974300
2017-03-06,206.97508239746094,55391500
2017-03-07,206.35684204101562,65103700
2017-03-08,205.97369384765625,78168800
2017-03-09,206.23495483398438,90683900
2017-03-10,206.9576416015625,81991700
2017-03-13,207.06214904785156,57256800
2017-03-14,206.269775390625,59880800
2017-03-15,208.05471801757812,96081800
2017-03-16,207.64547729492188,78344000
2017-03-17,207.2808074951172,89002100
2017-03-20,207.05345153808594,52537000
2017-03-21,204.39498901367188,131809300
2017-03-22,204.8759765625,97569200
2017-03-23,204.65736389160156,100410300
2017-03-24,204.50869750976562,112504900
2017-03-27,204.29879760742188,87454500
2017-03-28,205.7854461669922,93483900
2017-03-29,205.97776794433594,61950400
2017-03-30,206.63363647460938,56737900
2017-03-31,206.15274047851562,73733100
2017-04-03,205.794189453125,85546500
2017-04-04,205.9253692626953,56466200
2017-04-05,205.31324768066406,108800600
2017-04-06,205.890380859375,69135800
2017-04-07,205.68051147460938,74412300
2017-04-10,205.80291748046875,67615300
2017-04-11,205.5580596923828,88045300
2017-04-12,204.65736389160156,81864400
2017-04-13,203.32809448242188,92880400
2017-04-17,205.12957763671875,68405400
2017-04-18,204.51739501953125,83225800
2017-04-19,204.14138793945312,68699900
2017-04-20,205.80291748046875,92572200
2017-04-21,205.1470489501953,110389800
2017-04-24,207.40325927734375,119209900
2017-04-25,208.6100616455078,76698300
2017-04-26,208.4788818359375,84702500
2017-04-27,208.65379333496094,57410300
2017-04-28,208.1990509033203,63532800
2017-05-01,208.72372436523438,66882500
2017-05-02,208.8024444580078,57375700
2017-05-03,208.54884338378906,73137700
2017-05-04,208.793701171875,61462700
2017-05-05,209.61570739746094,62001300
2017-05-08,209.58071899414062,48385700
2017-05-09,209.38832092285156,51363200
2017-05-10,209.764404296875,54293800
2017-05-11,209.3358917236328,62358300
2017-05-12,208.98606872558594,53912700
2017-05-15,210.140380859375,61918900
2017-05-16,209.947998046875,51241800
2017-05-17,206.22267150878906,172174100
2017-05-18,207.05345153808594,107047700
2017-05-19,208.40017700195312,115011400
2017-05-22,209.4582977294922,61010600
2017-05-23,209.92173767089844,48341700
2017-05-24,210.4114990234375,46927700
2017-05-25,211.4171905517578,64071700
2017-05-26,211.37344360351562,46629900
2017-05-30,211.18978881835938,35201900
2017-05-31,211.13731384277344,91796000
2017-06-01,212.81637573242188,68962000
2017-06-02,213.52468872070312,88666100
2017-06-05,213.36729431152344,44698800
2017-06-06,212.68515014648438,50375400
2017-06-07,213.07875061035156,54144300
2017-06-08,213.1836395263672,65950700
2017-06-09,212.86007690429688,132256400
2017-06-12,212.81637573242188,86108100
2017-06-13,213.8570098876953,60067000
2017-06-14,213.58587646484375,78602300
2017-06-15,213.17494201660156,66464900
2017-06-16,213.2214813232422,84553100
2017-06-19,214.99658203125,65123800
2017-06-20,213.546630859375,56906400
2017-06-21,213.49386596679688,55977600
2017-06-22,213.39723205566406,44148100
2017-06-23,213.6520538330078,66986800
2017-06-26,213.7926788330078,56700500
2017-06-27,212.07034301757812,82247700
2017-06-28,213.96839904785156,70042600
2017-06-29,212.08787536621094,106949700
2017-06-30,212.4833221435547,86820700
2017-07-03,212.8436279296875,39153800
2017-07-05,213.335693359375,54427600
2017-07-06,211.38487243652344,65400800
2017-07-07,212.75572204589844,57972300
2017-07-10,212.98422241210938,36663300
2017-07-11,212.8260498046875,50354600
2017-07-12,214.42535400390625,59610400
2017-07-13,214.78561401367188,39471600
2017-07-14,215.78744506835938,60262700
2017-07-17,215.7610626220703,33531900
2017-07-18,215.87527465820312,42742500
2017-07-19,217.04405212402344,51034300
2017-07-20,217.14071655273438,47135200
2017-07-21,216.94741821289062,82340800
2017-07-24,216.89468383789062,46622300
2017-07-25,217.42193603515625,54915600
2017-07-26,217.43069458007812,47575400
2017-07-27,217.22860717773438,70766600
2017-07-28,216.97378540039062,50088400
2017-07-31,216.8507843017578,65838700
2017-08-01,217.33407592773438,55050400
2017-08-02,217.43951416015625,47211200
2017-08-03,217.0177459716797,40856000
2017-08-04,217.41314697265625,60191800
2017-08-07,217.81736755371094,31995000
2017-08-08,217.28126525878906,61719400
2017-08-09,217.2725372314453,62632600
2017-08-10,214.20570373535156,120479500
2017-08-11,214.52203369140625,74869900
2017-08-14,216.6486053466797,73291900
2017-08-15,216.6222686767578,55242700
2017-08-16,217.0001678466797,56715500
2017-08-17,213.61692810058594,128490400
2017-08-18,213.282958984375,136748000
2017-08-21,213.44996643066406,65469700
2017-08-22,215.68203735351562,63140100
2017-08-23,214.90869140625,50203800
2017-08-24,214.40780639648438,50741700
2017-08-25,214.90869140625,64445900
2017-08-28,214.91746520996094,40565600
2017-08-29,215.1634979248047,51135700
2017-08-30,216.18284606933594,62030800
2017-08-31,217.4834442138672,103803900
2017-09-01,217.79104614257812,62007000
2017-09-05,216.226806640625,91398800
2017-09-06,216.96498107910156,57916900
2017-09-07,216.9385986328125,58034700
2017-09-08,216.68380737304688,63832800
2017-09-11,218.99490356445312,71364800
2017-09-12,219.73304748535156,56896000
2017-09-13,219.83848571777344,59228000
2017-09-14,219.7682342529297,95446300
2017-09-15,220.0640869140625,95432400
2017-09-18,220.5321502685547,46235200
2017-09-19,220.75289916992188,47108100
2017-09-20,220.83236694335938,59574100
2017-09-21,220.24070739746094,48211400
2017-09-22,220.28485107421875,51214000
2017-09-25,219.83444213867188,57064400
2017-09-26,219.96690368652344,54082000
2017-09-27,220.8235321044922,81001400
2017-09-28,221.0885009765625,44778800
2017-09-29,221.86561584472656,85578000
2017-10-02,222.82821655273438,59023000
2017-10-03,223.30508422851562,66810200
2017-10-04,223.57003784179688,55953600
2017-10-05,224.89471435546875,63522800
2017-10-06,224.63864135742188,80646000
2017-10-09,224.26766967773438,35803100
2017-10-10,224.85939025878906,43057400
2017-10-11,225.212646484375,47674300
2017-10-12,224.87710571289062,47065100
2017-10-13,225.1508331298828,54800400
2017-10-16,225.45106506347656,38221700
2017-10-17,225.61007690429688,31561000
2017-10-18,225.83082580566406,40888300
2017-10-19,225.89266967773438,61903800
2017-10-20,227.058349609375,89176400
2017-10-23,226.17523193359375,63915300
2017-10-24,226.5726318359375,66935900
2017-10-25,225.45106506347656,103715300
2017-10-26,225.74252319335938,69798000
2017-10-27,227.5882110595703,85562500
2017-10-30,226.74044799804688,54285700
2017-10-31,227.09365844726562,60304800
2017-11-01,227.39393615722656,54202700
2017-11-02,227.48219299316406,56449500
2017-11-03,228.2417449951172,59589700
2017-11-06,228.594970703125,49652600
2017-11-07,228.43605041503906,57502200
2017-11-08,228.82456970214844,50469600
2017-11-09,227.9944610595703,95085500
2017-11-10,227.923828125,59984700
2017-11-13,228.13580322265625,50228600
2017-11-14,227.60589599609375,61315200
2017-11-15,226.46669006347656,80811500
2017-11-16,228.3919219970703,67777000
2017-11-17,227.720703125,75756800
2017-11-20,228.1092529296875,48075500
2017-11-21,229.6016845703125,69176800
2017-11-22,229.3986358642578,45033400
2017-11-24,229.92849731445312,27856500
2017-11-27,229.8136749267578,52274900
2017-11-28,232.1451416015625,98971700
2017-11-29,232.00381469726562,77512100
2017-11-30,234.03500366210938,127894400
2017-12-01,233.5492706298828,164390900
2017-12-04,233.26666259765625,94040600
2017-12-05,232.42771911621094,77994500
2017-12-06,232.47183227539062,75898600
2017-12-07,233.204833984375,77218600
2017-12-08,234.4765167236328,76563900
2017-12-11,235.1830291748047,83077500
2017-12-12,235.59805297851562,85195800
2017-12-13,235.5716094970703,102905400
2017-12-14,234.60902404785156,100666700
2017-12-15,236.56268310546875,144610300
2017-12-18,238.0628204345703,83653600
2017-12-19,237.14854431152344,82382900
2017-12-20,237.02423095703125,76751500
2017-12-21,237.51243591308594,67032300
2017-12-22,237.45033264160156,78720900
2017-12-26,237.16629028320312,45244400
2017-12-27,237.2816619873047,57751000
2017-12-28,237.76988220214844,45116100
2017-12-29,236.87327575683594,96007400
2018-01-02,238.56878662109375,86655700
2018-01-03,240.07772827148438,90070400
2018-01-04,241.08958435058594,80636400
2018-01-05,242.69627380371094,83524000
2018-01-08,243.1400146484375,57319200
2018-01-09,243.69039916992188,57254000
2018-01-10,243.31759643554688,69574300
2018-01-11,245.09286499023438,62361500
2018-01-12,246.6905517578125,90816100
2018-01-16,245.8472900390625,106555100
2018-01-17,248.19061279296875,113258800
2018-01-18,247.7734832763672,100728000
2018-01-19,248.9008331298828,140920100
2018-01-22,250.92457580566406,91322400
2018-01-23,251.45718383789062,97084700
2018-01-24,251.3594970703125,134816100
2018-01-25,251.46603393554688,84587300
2018-01-26,254.37747192382812,107743100
2018-01-29,252.69100952148438,90118300
2018-01-30,250.0990753173828,131796400
2018-01-31,250.2233428955078,108364800
2018-02-01,249.93931579589844,90102500
2018-02-02,244.49818420410156,173174800
2018-02-05,234.27255249023438,294681800
2018-02-06,238.8882598876953,355026800
2018-02-07,237.5923614501953,167376100
2018-02-08,228.6804962158203,246449500
2018-02-09,232.1156768798828,283565300
2018-02-12,235.5242156982422,143736000
2018-02-13,236.1099853515625,81223600
2018-02-14,239.29656982421875,120735700
2018-02-15,242.3500518798828,111200300
2018-02-16,242.42108154296875,160420100
2018-02-20,240.9031982421875,86369700
2018-02-21,239.70497131347656,98883700
2018-02-22,240.015625,110511300
2018-02-23,243.84121704101562,92766400
2018-02-26,246.6728515625,86491400
2018-02-27,243.59274291992188,99099200
2018-02-28,241.12510681152344,121907800
2018-03-01,237.6190185546875,176855100
2018-03-02,238.84388732910156,139083200
2018-03-05,241.60447692871094,97307400
2018-03-06,242.2168731689453,79213200
2018-03-07,242.12818908691406,87063500
2018-03-08,243.29989624023438,66901200
2018-03-09,247.5337677001953,113625300
2018-03-12,247.2231903076172,71924800
2018-03-13,245.62538146972656,91968900
2018-03-14,244.36495971679688,105895100
2018-03-15,244.0986328125,83433000
2018-03-16,244.3634033203125,100343700
2018-03-19,241.05712890625,109208400
2018-03-20,241.4669952392578,59757300
2018-03-21,241.0036163330078,78709600
2018-03-22,234.97918701171875,148785900
2018-03-23,229.9706573486328,183534800
2018-03-26,236.2625274658203,141956100
2018-03-27,232.24317932128906,129941400
2018-03-28,231.55699157714844,146452300
2018-03-29,234.51577758789062,111601600
2018-04-02,229.4537811279297,186286300
2018-04-03,232.39474487304688,119956900
2018-04-04,234.88119506835938,123715300
2018-04-05,236.73486328125,82652600
2018-04-06,231.45901489257812,179521200
2018-04-09,232.59971618652344,105442900
2018-04-10,236.29815673828125,103529000
2018-04-11,235.0593719482422,91140200
2018-04-12,236.99327087402344,68890500
2018-04-13,236.29815673828125,85079200
2018-04-16,238.2409210205078,63405300
2018-04-17,240.7897491455078,64682000
2018-04-18,240.96800231933594,57303900
2018-04-19,239.6311798095703,77655900
2018-04-20,237.59927368164062,99953100
2018-04-23,237.56361389160156,65558000
2018-04-24,234.3642578125,112885500
2018-04-25,234.94357299804688,103840900
2018-04-26,237.33193969726562,67731900
2018-04-27,237.55470275878906,57053600
2018-04-30,235.72775268554688,82182300
2018-05-01,236.14657592773438,74203400
2018-05-02,234.56031799316406,86368900
2018-05-03,234.04345703125,136311500
2018-05-04,237.0734100341797,91222100
2018-05-07,237.87548828125,55304900
2018-05-08,237.87548828125,67499200
2018-05-09,240.17483520507812,59666100
2018-05-10,242.42056274414062,72063900
2018-05-11,243.16024780273438,59871500
2018-05-14,243.27613830566406,54790600
2018-05-15,241.60064697265625,87036100
2018-05-16,242.61666870117188,53942600
2018-05-17,242.41165161132812,56536400
2018-05-18,241.80563354492188,64368000
2018-05-21,243.62362670898438,58025900
2018-05-22,242.94630432128906,52966400
2018-05-23,243.6147003173828,64694200
2018-05-24,243.11572265625,76043800
2018-05-25,242.5364532470703,56374800
2018-05-29,239.74700927734375,115908600
2018-05-30,242.94630432128906,69678400
2018-05-31,241.45806884765625,93519900
2018-06-01,243.82859802246094,71258400
2018-06-04,244.98716735839844,45385200
2018-06-05,245.16542053222656,51135000
2018-06-06,247.21510314941406,62732200
2018-06-07,247.18844604492188,72969400
2018-06-08,247.91929626464844,72139700
2018-06-11,248.24896240234375,58892500
2018-06-12,248.56971740722656,72329000
2018-06-13,247.7766571044922,79070600
2018-06-14,248.40042114257812,77097600
2018-06-15,248.08355712890625,120041600
2018-06-18,247.57333374023438,52917600
2018-06-19,246.62437438964844,97531500
2018-06-20,247.0451202392578,53785500
2018-06-21,245.49647521972656,71061400
2018-06-22,245.9440460205078,54898500
2018-06-25,242.5960235595703,137854200
2018-06-26,243.13316345214844,68547400
2018-06-27,241.11903381347656,105110700
2018-06-28,242.49765014648438,76650500
2018-06-29,242.8467559814453,97592500
2018-07-02,243.36590576171875,63554800
2018-07-03,242.50650024414062,42187100
2018-07-05,244.4849395751953,56925900
2018-07-06,246.5527801513672,66493700
2018-07-09,248.77276611328125,50550400
2018-07-10,249.66799926757812,51966800
2018-07-11,247.8418731689453,77054700
2018-07-12,250.0887908935547,60124700
2018-07-13,250.2856903076172,48216000
2018-07-16,250.06199645996094,48201000
2018-07-17,251.07345581054688,52315500
2018-07-18,251.60165405273438,44593500
2018-07-19,250.65281677246094,61412100
2018-07-20,250.3662567138672,82337700
2018-07-23,250.83177185058594,47047600
2018-07-24,252.09397888183594,68026900
2018-07-25,254.24241638183594,78882900
2018-07-26,253.6427001953125,57919500
2018-07-27,251.92391967773438,76768700
2018-07-30,250.6079864501953,63742500
2018-07-31,251.84329223632812,68570500
2018-08-01,251.422607421875,53853300
2018-08-02,252.7921905517578,63426400
2018-08-03,253.8754425048828,53935400
2018-08-06,254.80641174316406,39400900
2018-08-07,255.64784240722656,43196600
2018-08-08,255.54043579101562,42114600
2018-08-09,255.1913604736328,35717000
2018-08-10,253.48155212402344,77076000
2018-08-13,252.53262329101562,65732900
2018-08-14,254.14398193359375,43842000
2018-08-15,252.24612426757812,102925400
2018-08-16,254.28717041015625,69967900
2018-08-17,255.18246459960938,65618500
2018-08-20,255.728515625,39807500
2018-08-21,256.3282470703125,67272000
2018-08-22,256.17608642578125,44993300
2018-08-23,255.8359375,49204900
2018-08-24,257.3755798339844,57487400
2018-08-27,259.40777587890625,57072400
2018-08-28,259.53302001953125,46943500
2018-08-29,260.92950439453125,61485500
2018-08-30,259.8731689453125,61229500
2018-08-31,259.8821716308594,66140800
2018-09-04,259.4346008300781,57594400
2018-09-05,258.7361755371094,72452400
2018-09-06,257.9574890136719,65909900
2018-09-07,257.45623779296875,73524800
2018-09-10,257.9037780761719,50210900
2018-09-11,258.7541198730469,50530500
2018-09-12,258.8168640136719,59810800
2018-09-13,260.34759521484375,51034200
2018-09-14,260.392333984375,55079900
2018-09-17,259.0138244628906,68244000
2018-09-18,260.4191589355469,61930400
2018-09-19,260.6968078613281,49080600
2018-09-20,262.8093566894531,100360600
2018-09-21,262.5693054199219,105479700
2018-09-24,261.697021484375,53409600
2018-09-25,261.4542236328125,44370000
2018-09-26,260.671875,79739700
2018-09-27,261.40032958984375,59249500
2018-09-28,261.42730712890625,70091400
2018-10-01,262.3354797363281,62078900
2018-10-02,262.1826171875,47258200
2018-10-03,262.3265380859375,64694600
2018-10-04,260.2761535644531,111545900
2018-10-05,258.8194885253906,105951700
2018-10-08,258.8194885253906,87742200
2018-10-09,258.4417419433594,74339000
2018-10-10,250.25865173339844,214731000
2018-10-11,244.74635314941406,274840500
2018-10-12,248.1454315185547,183186500
2018-10-15,246.75161743164062,102263700
2018-10-16,252.14703369140625,118255800
2018-10-17,252.1920928955078,110626000
2018-10-18,248.55010986328125,134557500
2018-10-19,248.4152374267578,139901600
2018-10-22,247.30014038085938,82415800
2018-10-23,246.04124450683594,146352700
2018-10-24,238.5865936279297,177806700
2018-10-25,242.8669891357422,138061500
2018-10-26,238.59555053710938,201574600
2018-10-29,237.273681640625,160749100
2018-10-30,240.78968811035156,157116000
2018-10-31,243.36151123046875,128296300
2018-11-01,245.95135498046875,99495000
2018-11-02,244.49456787109375,122634100
2018-11-05,245.84341430664062,65622500
2018-11-06,247.39910888671875,60085900
2018-11-07,252.6956329345703,102752100
2018-11-08,252.23709106445312,65584900
2018-11-09,249.7730712890625,98812600
2018-11-12,245.1060333251953,99673600
2018-11-13,244.64736938476562,98176600
2018-11-14,242.97483825683594,125335900
2018-11-15,245.5106201171875,135101400
2018-11-16,246.14920043945312,126668000
2018-11-19,241.9856719970703,103061700
2018-11-20,237.5074005126953,136021300
2018-11-21,238.31675720214844,75563700
2018-11-23,236.72511291503906,42807900
2018-11-26,240.54684448242188,79981400
2018-11-27,241.35626220703125,75502400
2018-11-28,246.91343688964844,127629600
2018-11-29,246.3739776611328,82346400
2018-11-30,247.87571716308594,98204200
2018-12-03,251.15792846679688,103176300
2018-12-04,243.0198211669922,177986000
2018-12-06,242.6510772705078,204185400
2018-12-07,237.01290893554688,161018900
2018-12-10,237.46243286132812,151445900
2018-12-11,237.5164031982422,121504400
2018-12-12,238.71246337890625,97976700
2018-12-13,238.63150024414062,96662700
2018-12-14,234.22525024414062,116961100
2018-12-17,229.63009643554688,165492300
2018-12-18,229.3782958984375,134515100
2018-12-19,225.94322204589844,214992800
2018-12-20,222.2653350830078,252053400
2018-12-21,217.7112274169922,255345600
2018-12-24,211.9586181640625,147311600
2018-12-26,222.66783142089844,218485400
2018-12-27,224.37730407714844,186267300
2018-12-28,224.087890625,153100200
2018-12-31,226.0506134033203,144299400
2019-01-02,226.28578186035156,126925200
2019-01-03,220.88600158691406,144140700
2019-01-04,228.2847137451172,142628800
2019-01-07,230.0846405029297,103139100
2019-01-08,232.2463836669922,102512600
2019-01-09,233.33177185058594,95006600
2019-01-10,234.1548614501953,96823900
2019-01-11,234.245361328125,73858100
2019-01-14,232.81622314453125,70908200
2019-01-15,235.48448181152344,85208300
2019-01-16,236.05429077148438,77636700
2019-01-17,237.84521484375,96118400
2019-01-18,241.01092529296875,127900300
2019-01-22,237.7547607421875,115531200
2019-01-23,238.25225830078125,86030300
2019-01-24,238.37887573242188,59204100
2019-01-25,240.3958740234375,96883400
2019-01-28,238.5688018798828,85613700
2019-01-29,238.25225830078125,66136300
2019-01-30,242.02394104003906,92473700
2019-01-31,244.1494598388672,104012100
2019-02-01,244.26707458496094,85782500
2019-02-04,245.98561096191406,60744800
2019-02-05,247.01678466796875,79552800
2019-02-06,246.69113159179688,58347800
2019-02-07,244.3394317626953,95482000
2019-02-08,244.637939453125,75788900
2019-02-11,244.77359008789062,68021400
2019-02-12,247.9212646484375,72270200
2019-02-13,248.72616577148438,65277200
2019-02-14,248.17449951171875,83234400
2019-02-15,250.87890625,97088700
2019-02-19,251.31307983398438,59120800
2019-02-20,251.819580078125,76610800
2019-02-21,250.92416381835938,64214700
2019-02-22,252.47988891601562,78114600
2019-02-25,252.82359313964844,69030700
2019-02-26,252.6426544189453,56844100
2019-02-27,252.53419494628906,56921600
2019-02-28,252.06382751464844,69268300
2019-03-01,253.63766479492188,78880500
2019-03-04,252.7150115966797,106494600
2019-03-05,252.3713836669922,59114600
2019-03-06,250.84266662597656,75039800
2019-03-07,248.74429321289062,94885100
2019-03-08,248.2468719482422,85795800
2019-03-11,251.84677124023438,65098900
2019-03-12,252.79644775390625,79667500
2019-03-13,254.46974182128906,80639200
2019-03-14,254.30691528320312,67518400
2019-03-15,255.56341552734375,81309000
2019-03-18,256.4898681640625,62199800
2019-03-19,256.5536193847656,90268100
2019-03-20,255.78140258789062,84609200
2019-03-21,258.6703796386719,79550400
2019-03-22,253.6919403076172,122659300
2019-03-25,253.50108337402344,85575200
2019-03-26,255.39077758789062,68125900
2019-03-27,254.05532836914062,72224700
2019-03-28,255.01828002929688,56238500
2019-03-29,256.626220703125,82186800
2019-04-01,259.669677734375,77617900
2019-04-02,259.7969055175781,40070400
2019-04-03,260.2056579589844,68243200
2019-04-04,260.89605712890625,48997500
2019-04-05,262.1589050292969,58621700
2019-04-08,262.3587951660156,53566300
2019-04-09,261.0142517089844,66142300
2019-04-10,261.9045715332031,52601500
2019-04-11,261.83184814453125,55093100
2019-04-12,263.6033935546875,69727800
2019-04-15,263.4307556152344,49596700
2019-04-16,263.6033935546875,52153200
2019-04-17,262.9584045410156,58268300
2019-04-18,263.47613525390625,68708500
2019-04-22,263.703369140625,40160100
2019-04-23,266.074462890625,52246600
2019-04-24,265.48388671875,50392900
2019-04-25,265.3204040527344,57770900
2019-04-26,266.555908203125,50916400
2019-04-29,266.9737548828125,57197700
2019-04-30,267.11004638671875,81111700
2019-05-01,265.1023864746094,71671900
2019-05-02,264.530029296875,65030200
2019-05-03,267.1191711425781,56543700
2019-05-06,266.0199890136719,107198100
2019-05-07,261.5776062011719,144729900
2019-05-08,261.2140808105469,91568300
2019-05-09,260.4237365722656,103471100
2019-05-10,261.73193359375,112429300
2019-05-13,255.15455627441406,127290500
2019-05-14,257.4621276855469,77003200
2019-05-15,258.9701843261719,73956400
2019-05-16,261.3685302734375,76749600
2019-05-17,259.6788635253906,100353000
2019-05-20,257.9617614746094,62877600
2019-05-21,260.28741455078125,46847100
2019-05-22,259.48797607421875,49482500
2019-05-23,256.3174743652344,98733800
2019-05-24,256.8988037109375,55268100
2019-05-28,254.509521484375,70029400
2019-05-29,252.80157470703125,104972900
2019-05-30,253.4921875,62523800
2019-05-31,250.0762176513672,86862800
2019-06-03,249.44024658203125,96428000
2019-06-04,254.85475158691406,77231900
2019-06-05,257.0623779296875,71169700
2019-06-06,258.7339172363281,69430400
2019-06-07,261.3231201171875,74272200
2019-06-10,262.5222473144531,60799100
2019-06-11,262.4587097167969,58641300
2019-06-12,261.99542236328125,47096300
2019-06-13,263.076416015625,48945200
2019-06-14,262.7857971191406,52324700
2019-06-17,262.8856506347656,39205700
2019-06-18,265.6383361816406,85434800
2019-06-19,266.2379455566406,78674400
2019-06-20,268.7817077636719,116570000
2019-06-21,268.3909606933594,83309500
2019-06-24,268.0623779296875,47582700
2019-06-25,265.4332580566406,82028700
2019-06-26,265.16851806640625,51584900
2019-06-27,266.1087341308594,40355200
2019-06-28,267.4781188964844,59350900
2019-07-01,269.90631103515625,78705600
2019-07-02,270.6092834472656,61504500
2019-07-03,272.7728271484375,40898900
2019-07-05,272.4625244140625,51677300
2019-07-08,270.9653625488281,45841800
2019-07-09,271.30303955078125,41101300
2019-07-10,272.59942626953125,58448500
2019-07-11,273.2384338378906,50826100
2019-07-12,274.461669921875,40326000
2019-07-15,274.5530090332031,33900000
2019-07-16,273.66748046875,36650100
2019-07-17,271.8052673339844,36036300
2019-07-18,272.80023193359375,51392600
2019-07-19,271.2848205566406,58678600
2019-07-22,271.9513244628906,43638100
2019-07-23,273.8957214355469,44564500
2019-07-24,275.1829528808594,47213200
2019-07-25,273.868408203125,55394100
2019-07-26,275.7032470703125,45084100
2019-07-29,275.2012023925781,38126500
2019-07-30,274.525634765625,45849000
2019-07-31,271.5221252441406,104245200
2019-08-01,269.1578674316406,142646600
2019-08-02,267.1311950683594,116749700
2019-08-05,259.09765625,178745400
2019-08-06,262.7310791015625,120711700
2019-08-07,262.8863220214844,140572300
2019-08-08,268.04412841796875,87713900
2019-08-09,266.21826171875,93730000
2019-08-12,262.9775085449219,65527600
2019-08-13,267.0672607421875,94299800
2019-08-14,259.1707458496094,135622100
2019-08-15,259.8553771972656,99556600
2019-08-16,263.6895446777344,83018300
2019-08-19,266.8664245605469,53571800
2019-08-20,264.82159423828125,51596400
2019-08-21,266.97601318359375,49524700
2019-08-22,266.89385986328125,51666400
2019-08-23,260.0380554199219,149161500
2019-08-26,262.9136047363281,72423800
2019-08-27,261.8820495605469,66668900
2019-08-28,263.7260437011719,59696700
2019-08-29,267.0945739746094,57899400
2019-08-30,266.97601318359375,62901200
2019-09-03,265.4150085449219,69101400
2019-09-04,268.42755126953125,46887300
2019-09-05,271.8782653808594,83258100
2019-09-06,272.088134765625,49584300
2019-09-09,272.22515869140625,51260300
2019-09-10,272.1612548828125,57947100
2019-09-11,274.0965576171875,68821100
2019-09-12,275.0459899902344,72908700
2019-09-13,274.8633728027344,62104800
2019-09-16,274.01446533203125,58191200
2019-09-17,274.7082824707031,41475500
2019-09-18,274.87255859375,73375800
2019-09-19,274.85430908203125,76560500
2019-09-20,273.55560302734375,89565000
2019-09-23,273.4914245605469,43476800
2019-09-24,271.3454284667969,94869400
2019-09-25,272.9503479003906,71854000
2019-09-26,272.3817443847656,56179700
2019-09-27,270.91436767578125,84746600
2019-09-30,272.1708068847656,51662400
2019-10-01,268.9335021972656,88242400
2019-10-02,264.1827392578125,122539500
2019-10-03,266.34722900390625,85278800
2019-10-04,269.9513244628906,65091200
2019-10-07,268.7867126464844,59610500
2019-10-08,264.6137390136719,95708100
2019-10-09,267.1266784667969,62359400
2019-10-10,268.9335021972656,55296300
2019-10-11,271.7214050292969,98720400
2019-10-14,271.4188537597656,40394800
2019-10-15,274.1059265136719,46754500
2019-10-16,273.66571044921875,48928200
2019-10-17,274.4727478027344,45736600
2019-10-18,273.2713317871094,64304000
2019-10-21,275.1238708496094,39048600
2019-10-22,274.22515869140625,48594700
2019-10-23,275.0230407714844,34352200
2019-10-24,275.472412109375,35453100
2019-10-25,276.60040283203125,45205400
2019-10-28,278.1595153808594,42147000
2019-10-29,278.07696533203125,44284900
2019-10-30,278.9298400878906,49643900
2019-10-31,278.1870422363281,69053800
2019-11-01,280.7641296386719,71141500
2019-11-04,281.8921813964844,60606900
2019-11-05,281.5804138183594,42933200
2019-11-06,281.64453125,46487100
2019-11-07,282.635009765625,54272300
2019-11-08,283.3320007324219,49032100
2019-11-11,282.79095458984375,35797300
2019-11-12,283.3870544433594,46484600
2019-11-13,283.47882080078125,53917700
2019-11-14,283.8914489746094,51219900
2019-11-15,285.9458312988281,62023600
2019-11-18,286.15673828125,49228000
2019-11-19,286.07421875,67804700
2019-11-20,285.0103454589844,79406200
2019-11-21,284.5517578125,54664700
2019-11-22,285.1845703125,44850200
2019-11-25,287.3948059082031,48647200
2019-11-26,288.0459289550781,37569000
2019-11-27,289.3299865722656,44444600
2019-11-29,288.2568664550781,36592700
2019-12-02,285.8082275390625,75767800
2019-12-03,283.8914489746094,73941700
2019-12-04,285.6431884765625,49080000
2019-12-05,286.15673828125,40709000
2019-12-06,288.7704162597656,48927000
2019-12-09,287.8626403808594,34838500
2019-12-10,287.54156494140625,52649800
2019-12-11,288.3578186035156,53429100
2019-12-12,290.84320068359375,96389600
2019-12-13,291.0174865722656,81503900
2019-12-16,293.01666259765625,82749700
2019-12-17,293.08099365234375,61097700
2019-12-18,293.0992126464844,48133000
2019-12-19,294.3006896972656,85310500
2019-12-20,295.5909118652344,147142100
2019-12-23,296.0425109863281,52990000
2019-12-24,296.05181884765625,20270000
2019-12-26,297.6277160644531,30911200
2019-12-27,297.553955078125,42528800
2019-12-30,295.91351318359375,49729100
2019-12-31,296.63238525390625,57077300
2020-01-02,299.4063415527344,59151200
2020-01-03,297.1391906738281,77709700
2020-01-06,298.2728576660156,55653900
2020-01-07,297.4341125488281,40496400
2020-01-08,299.019287109375,68296000
2020-01-09,301.04693603515625,48473300
2020-01-10,300.18060302734375,53029300
2020-01-13,302.24505615234375,47086800
2020-01-14,301.7842102050781,62832800
2020-01-15,302.4662170410156,72056600
2020-01-16,304.9822998046875,54050300
2020-01-17,305.9315490722656,95846000
2020-01-21,305.33245849609375,77742400
2020-01-22,305.3692626953125,48914900
2020-01-23,305.71954345703125,51963000
2020-01-24,303.000732421875,87578400
2020-01-27,298.143798828125,84062500
2020-01-28,301.26812744140625,63834000
2020-01-29,301.0193176269531,53888900
2020-01-30,301.9961853027344,75491800
2020-01-31,296.5125427246094,113845600
2020-02-03,298.71527099609375,69083000
2020-02-04,303.2680358886719,62573200
2020-02-05,306.77020263671875,65951100
2020-02-06,307.8023681640625,50359700
2020-02-07,306.1619567871094,64139400
2020-02-10,308.44757080078125,42070000
2020-02-11,308.9820861816406,54864500
2020-02-12,310.9728088378906,43992700
2020-02-13,310.6409912109375,54501900
2020-02-14,311.138671875,64582200
2020-02-18,310.3369140625,57226200
2020-02-19,311.8206481933594,48814700
2020-02-20,310.5396423339844,74163400
2020-02-21,307.341552734375,113788200
2020-02-24,297.1484375,161088400
2020-02-25,288.144287109375,218913200
2020-02-26,287.0843811035156,194773800
2020-02-27,274.1909484863281,284353500
2020-02-28,273.03887939453125,384975800
2020-03-02,284.86334228515625,238703600
2020-03-03,276.7069396972656,300139100
2020-03-04,288.33782958984375,176613400
2020-03-05,278.7529602050781,186366800
2020-03-06,274.1448059082031,228667200
2020-03-09,252.73561096191406,309417300
2020-03-10,265.8135070800781,276444100
2020-03-11,252.85549926757812,255316300
2020-03-12,228.66294860839844,392220700
2020-03-13,248.21043395996094,329566100
2020-03-16,221.05038452148438,297240000
2020-03-17,232.98533630371094,262070500
2020-03-18,221.18862915039062,327597100
2020-03-19,221.65863037109375,289322000
2020-03-20,212.10641479492188,347158800
2020-03-23,206.68324279785156,326025200
2020-03-24,225.40948486328125,235494500
2020-03-25,228.7838592529297,299430300
2020-03-26,242.14251708984375,257632800
2020-03-27,234.93016052246094,224341200
2020-03-30,242.55966186523438,171369500
2020-03-31,238.94419860839844,194881100
2020-04-01,228.19052124023438,189554600
2020-04-02,233.45611572265625,177660400
2020-04-03,230.0817108154297,135561200
2020-04-06,245.53543090820312,188061200
2020-04-07,245.78575134277344,201427200
2020-04-08,254.03639221191406,153774500
2020-04-09,257.9022216796875,189999200
2020-04-13,255.5474395751953,114839100
2020-04-14,263.0843505859375,134143400
2020-04-15,257.4942321777344,121775000
2020-04-16,258.7364807128906,131798300
2020-04-17,265.72637939453125,146684800
2020-04-20,261.0448303222656,100109300
2020-04-21,253.11863708496094,126385700
2020-04-22,258.7364807128906,92951600
2020-04-23,258.7178649902344,104709700
2020-04-24,262.3241271972656,85063200
2020-04-27,266.1064453125,77896600
2020-04-28,264.8827209472656,105270000
2020-04-29,271.8169860839844,118745600
2020-04-30,269.2861633300781,122901700
2020-05-01,262.1572570800781,125180000
2020-05-04,262.8803405761719,80873200
2020-05-05,265.3091735839844,79569900
2020-05-06,263.51068115234375,73632600
2020-05-07,266.6903991699219,75250400
2020-05-08,271.1031799316406,76452400
2020-05-11,271.1587219238281,79514200
2020-05-12,265.7541809082031,95870800
2020-05-13,261.0541076660156,144721100
2020-05-14,264.17816162109375,121977900
2020-05-15,265.3926086425781,111146300
2020-05-18,273.47637939453125,119703800
2020-05-19,270.6674499511719,95189300
2020-05-20,275.2655944824219,85861700
2020-05-21,273.3650817871094,78293900
2020-05-22,273.88427734375,63958200
2020-05-26,277.2586669921875,88951400
2020-05-27,281.38397216796875,104817400
2020-05-28,280.8648681640625,90405200
2020-05-29,282.11639404296875,119090800
2020-06-01,283.2566833496094,55758300
2020-06-02,285.6020202636719,74267200
2020-06-03,289.40289306640625,92567600
2020-06-04,288.6427917480469,75794400
2020-06-05,296.0404968261719,150524700
2020-06-08,299.618896484375,73641200
2020-06-09,297.3847351074219,77479200
2020-06-10,295.72528076171875,95000800
2020-06-11,278.6770935058594,209243600
2020-06-12,282.0144348144531,194678900
2020-06-15,284.647216796875,135782700
2020-06-16,290.1259765625,137627500
2020-06-17,288.9208984375,83398900
2020-06-18,289.0320739746094,80828700
2020-06-19,287.3802490234375,135549600
2020-06-22,289.2239685058594,74649400
2020-06-23,290.555419921875,68471200
2020-06-24,283.14373779296875,132813500
2020-06-25,286.1791687011719,89468000
2020-06-26,279.3819274902344,127961000
2020-06-29,283.4881896972656,79773300
2020-06-30,287.1195983886719,113394800
2020-07-01,289.1307373046875,72396500
2020-07-02,290.7230224609375,69344200
2020-07-06,295.21099853515625,61713800
2020-07-07,292.16619873046875,82910000
2020-07-08,294.4009094238281,54638600
2020-07-09,292.7248840332031,83354200
2020-07-10,295.7138366699219,57550400
2020-07-13,293.1532287597656,102997500
2020-07-14,296.9521789550781,93657000
2020-07-15,299.6803283691406,87196500
2020-07-16,298.6933898925781,54622500
2020-07-17,299.5592956542969,62774900
2020-07-20,301.980224609375,56308800
2020-07-21,302.6226806640625,57292200
2020-07-22,304.3452453613281,57792900
2020-07-23,300.7139587402344,75738000
2020-07-24,298.77716064453125,73766600
2020-07-27,300.9560546875,48293000
2020-07-28,299.0472106933594,57495000
2020-07-29,302.7251892089844,48454200
2020-07-30,301.6450500488281,61861700
2020-07-31,304.02862548828125,84986800
2020-08-03,306.142333984375,53077900
2020-08-04,307.3248291015625,41917900
2020-08-05,309.2336120605469,42697700
2020-08-06,311.3006896972656,43679400
2020-08-07,311.5241394042969,57308300
2020-08-10,312.4552917480469,44282100
2020-08-11,309.87615966796875,69601100
2020-08-12,314.1965026855469,53774400
2020-08-13,313.62847900390625,41816100
2020-08-14,313.6378479003906,47260400
2020-08-17,314.63409423828125,35481000
2020-08-18,315.31390380859375,38733900
2020-08-19,314.0010681152344,68054200
2020-08-20,314.9786376953125,42207800
2020-08-21,316.0959777832031,55106600
2020-08-24,319.299072265625,48588700
2020-08-25,320.4164123535156,38463400
2020-08-26,323.6287536621094,50790200
2020-08-27,324.3363952636719,58034100
2020-08-28,326.431396484375,48588900
2020-08-31,325.24884033203125,66099200
2020-09-01,328.312255859375,54908700
2020-09-02,333.0609436035156,69540000
2020-09-03,321.59893798828125,148011100
2020-09-04,318.9731750488281,139156300
2020-09-08,310.2579040527344,114465300
2020-09-09,316.3846740722656,91462300
2020-09-10,310.8910217285156,90569500
2020-09-11,311.04931640625,84680200
2020-09-14,315.14630126953125,65605700
2020-09-15,316.73846435546875,52920900
2020-09-16,315.4814758300781,82096000
2020-09-17,312.70672607421875,91523300
2020-09-18,309.10662841796875,105877900
2020-09-21,305.6663818359375,99450800
2020-09-22,308.7794189453125,63612100
2020-09-23,301.61859130859375,93112200
2020-09-24,302.4224853515625,76681300
2020-09-25,307.31170654296875,71069400
2020-09-28,312.41595458984375,64584600
2020-09-29,310.7145690917969,51304000
2020-09-30,313.0704345703125,104081100
2020-10-01,315.08026123046875,88698700
2020-10-02,312.0887756347656,89431100
2020-10-05,317.62310791015625,45713100
2020-10-06,313.1077575683594,90128900
2020-10-07,318.55792236328125,56999600
2020-10-08,321.38116455078125,45242500
2020-10-09,324.2511291503906,59528600
2020-10-12,329.4675598144531,80388500
2020-10-13,327.3174133300781,73255500
2020-10-14,325.2607116699219,57727900
2020-10-15,324.8587646484375,60357700
2020-10-16,324.6623840332031,89501900
2020-10-19,319.7264709472656,68425600
2020-10-20,321.0072021484375,60051900
2020-10-21,320.3995056152344,63575000
2020-10-22,322.1570739746094,55399300
2020-10-23,323.2508544921875,49143900
2020-10-26,317.27716064453125,91473000
2020-10-27,316.183349609375,65994100
2020-10-28,305.3765869140625,127094300
2020-10-29,308.4803161621094,90597700
2020-10-30,305.2643737792969,120287300
2020-11-02,308.6859436035156,86068300
2020-11-03,314.13616943359375,93294200
2020-11-04,321.15679931640625,126959700
2020-11-05,327.420166015625,82039700
2020-11-06,327.3454284667969,74973000
2020-11-09,331.45880126953125,172304200
2020-11-10,330.97265625,85552000
2020-11-11,333.4313049316406,58649000
2020-11-12,330.1967468261719,67546200
2020-11-13,334.7681579589844,62892200
2020-11-16,338.9468688964844,74541100
2020-11-17,337.1239929199219,66111000
2020-11-18,333.0667419433594,70591300
2020-11-19,334.4689636230469,59940900
2020-11-20,332.1785888671875,70417300
2020-11-23,334.1697998046875,63230600
2020-11-24,339.5546569824219,62415900
2020-11-25,339.031005859375,45330900
2020-11-27,339.97528076171875,28514100
2020-11-30,338.47015380859375,83872700
2020-12-01,342.172119140625,74231400
2020-12-02,342.8919677734375,45927000
2020-12-03,342.7984924316406,62882000
2020-12-04,345.7525939941406,50749900
2020-12-07,345.0421447753906,48944300
2020-12-08,346.0516662597656,42458900
2020-12-09,342.9480285644531,74098300
2020-12-10,342.8358459472656,57735400
2020-12-11,342.43389892578125,57698600
2020-12-14,340.9007568359375,69216200
2020-12-15,345.5094909667969,63865300
2020-12-16,346.0516662597656,58420500
2020-12-17,347.98681640625,64119500
2020-12-18,346.5973815917969,136542300
2020-12-21,345.3580322265625,96386700
2020-12-22,344.7760009765625,47949000
2020-12-23,345.0858459472656,46201400
2020-12-24,346.4284362792969,26457900
2020-12-28,349.4045715332031,39000400
2020-12-29,348.7378845214844,53680500
2020-12-30,349.2355041503906,49455300
2020-12-31,351.0098876953125,78520700
2021-01-04,346.2312316894531,110210800
2021-01-05,348.6158447265625,66426200
2021-01-06,350.7001037597656,107997700
2021-01-07,355.9105529785156,68766800
2021-01-08,357.93841552734375,71677200
2021-01-11,355.52569580078125,51034700
2021-01-12,355.6007080078125,52547700
2021-01-13,356.5583190917969,45303600
2021-01-14,355.3096923828125,49989100
2021-01-15,352.718505859375,107160000
2021-01-19,355.48809814453125,51233300
2021-01-20,360.4075927734375,61836100
2021-01-21,360.73614501953125,47840100
2021-01-22,359.4593811035156,52860500
2021-01-25,360.87701416015625,70402000
2021-01-26,360.31365966796875,42665300
2021-01-27,351.5074768066406,123351100
2021-01-28,354.53045654296875,94198100
2021-01-29,347.43292236328125,126765100
2021-02-01,353.2161560058594,75817600
2021-02-02,358.2106628417969,64450700
2021-02-03,358.4923400878906,52427100
2021-02-04,362.5669250488281,47142600
2021-02-05,363.9939270019531,48669800
2021-02-08,366.6226501464844,38365200
2021-02-09,366.3785400390625,35551100
2021-02-10,366.2189636230469,59154400
2021-02-11,366.81036376953125,42913300
2021-02-12,368.62237548828125,50593300
2021-02-16,368.3031005859375,50972400
2021-02-17,368.38763427734375,52290600
2021-02-18,366.81976318359375,59712800
2021-02-19,366.1720275878906,83241000
2021-02-22,363.35552978515625,67414200
2021-02-23,363.7967529296875,107284100
2021-02-24,367.8055114746094,72433900
2021-02-25,358.94305419921875,146670500
2021-02-26,357.0935363769531,152701600
2021-03-01,365.7495422363281,105348800
2021-03-02,362.8955078125,79595300
2021-03-03,358.0886535644531,119940200
2021-03-04,353.6573791503906,183433000
2021-03-05,360.16351318359375,152039600
2021-03-08,358.3703918457031,123149200
2021-03-09,363.4869384765625,113633600
2021-03-10,365.7495422363281,109899400
2021-03-11,369.4578857421875,86245000
2021-03-12,369.9554443359375,64653600
2021-03-15,372.1617736816406,73427200
2021-03-16,371.69232177734375,73722500
2021-03-17,372.9597473144531,97959300
2021-03-18,367.5332946777344,115349100
2021-03-19,366.85321044921875,113624500
2021-03-22,369.78253173828125,73778600
2021-03-23,366.8721008300781,90686600
2021-03-24,365.0071105957031,97588600
2021-03-25,367.060546875,116128600
2021-03-26,372.9755554199219,114409100
2021-03-29,372.7872314453125,108107600
2021-03-30,371.79827880859375,76262200
2021-03-31,373.3052673339844,112734200
2021-04-01,377.3365783691406,99682900
2021-04-05,382.7525939941406,91684800
2021-04-06,382.52655029296875,62021000
2021-04-07,382.9692687988281,55836300
2021-04-08,384.787109375,57863100
2021-04-09,387.5845947265625,61104600
2021-04-12,387.7258605957031,56704900
2021-04-13,388.875,56551000
2021-04-14,387.546875,61659900
2021-04-15,391.7101135253906,60229800
2021-04-16,393.0193176269531,82037300
2021-04-19,391.0884094238281,78498500
2021-04-20,388.22509765625,81851800
2021-04-21,391.89849853515625,66793000
2021-04-22,388.31927490234375,97582800
2021-04-23,392.5295715332031,73209200
2021-04-26,393.3490295410156,52182400
2021-04-27,393.26422119140625,51303100
2021-04-28,393.1512145996094,51238900
2021-04-29,395.6567077636719,78544300
2021-04-30,393.05706787109375,85527000
2021-05-03,393.9048156738281,68128300
2021-05-04,391.474609375,101591200
2021-05-05,391.5971374511719,60162200
2021-05-06,394.7242736816406,74321400
2021-05-07,397.5970153808594,67733800
2021-05-10,393.6597595214844,81852400
2021-05-11,390.14654541015625,116888000
2021-05-12,381.8577880859375,134811000
2021-05-13,386.4449157714844,106394000
2021-05-14,392.3788757324219,82201600
2021-05-17,391.38043212890625,65129200
2021-05-18,388.0084533691406,59810200
2021-05-19,386.9910888671875,106467100
2021-05-20,391.1543884277344,78022200
2021-05-21,390.8341369628906,76578700
2021-05-24,394.81842041015625,51376700
2021-05-25,393.94244384765625,57451400
2021-05-26,394.7242736816406,43088600
2021-05-27,394.9314880371094,56707700
2021-05-28,395.6379089355469,58520200
2021-06-01,395.289306640625,54216600
2021-06-02,395.9110412597656,49097100
2021-06-03,394.4416809082031,58138800
2021-06-04,398.0491027832031,55938800
2021-06-07,397.6629943847656,51555000
2021-06-08,397.7476806640625,47134300
2021-06-09,397.1543273925781,48436300
2021-06-10,399.0004577636719,51020100
2021-06-11,399.6598205566406,45570800
2021-06-14,400.5545349121094,42358500
2021-06-15,399.81988525390625,51508500
2021-06-16,397.58758544921875,80386100
2021-06-17,397.4556884765625,90949700
2021-06-18,392.09393310546875,118676300
2021-06-21,397.70709228515625,72822000
2021-06-22,399.8333435058594,57700300
2021-06-23,399.3513488769531,49445400
2021-06-24,401.7137756347656,45110300
2021-06-25,403.14080810546875,58129500
2021-06-28,403.9535217285156,53159600
2021-06-29,404.1708068847656,35970500
2021-06-30,404.5110168457031,64827900
2021-07-01,406.7506103515625,53441000
2021-07-02,409.8596496582031,57697700
2021-07-06,409.11309814453125,68710400
2021-07-07,410.55889892578125,63549500
2021-07-08,407.21368408203125,97595200
2021-07-09,411.5605773925781,76238600
2021-07-12,413.03472900390625,52889600
2021-07-13,411.6267395019531,52911300
2021-07-14,412.240966796875,64130400
2021-07-15,410.8330078125,55126400
2021-07-16,407.6105651855469,75874700
2021-07-19,401.5909729003906,147987000
2021-07-20,407.3459167480469,99608200
2021-07-21,410.6440124511719,64724400
2021-07-22,411.5039367675781,47878500
2021-07-23,415.7373962402344,63766600
2021-07-26,416.7580261230469,43719200
2021-07-27,414.858642578125,67397100
2021-07-28,414.6885070800781,52472400
2021-07-29,416.4084167480469,47435300
2021-07-30,414.3861389160156,68951200
2021-08-02,413.5167541503906,58783300
2021-08-03,416.88092041015625,58053900
2021-08-04,414.830322265625,46732200
2021-08-05,417.4573669433594,38969700
2021-08-06,418.14715576171875,46930000
2021-08-09,417.80694580078125,41222600
2021-08-10,418.3266906738281,43339300
2021-08-11,419.3661804199219,44034300
2021-08-12,420.623046875,38909400
2021-08-13,421.38848876953125,39470300
2021-08-16,422.3807373046875,73740000
2021-08-17,419.6119079589844,92673900
2021-08-18,415.0192565917969,89351900
2021-08-19,415.6618347167969,92812200
2021-08-20,418.9693298339844,72008700
2021-08-23,422.6547546386719,54973000
2021-08-24,423.32568359375,38744700
2021-08-25,424.2140197753906,40529700
2021-08-26,421.70977783203125,57829600
2021-08-27,425.48028564453125,77235100
2021-08-30,427.3513488769531,48357400
2021-08-31,426.7181701660156,59300200
2021-09-01,426.9450378417969,48721400
2021-09-02,428.258544921875,42501000
2021-09-03,428.15460205078125,47170500
2021-09-07,426.62371826171875,51671500
2021-09-08,426.1039123535156,56181900
2021-09-09,424.2801818847656,57970400
2021-09-10,420.9349060058594,89948200
2021-09-13,422.0121765136719,83738600
2021-09-14,419.7348327636719,78197100
2021-09-15,423.24066162109375,78792200
2021-09-16,422.5697021484375,77786700
2021-09-17,418.4534606933594,118425000
2021-09-20,411.4761047363281,166445500
2021-09-21,411.08740234375,92526100
2021-09-22,415.0974426269531,102350100
2021-09-23,420.140869140625,76396000
2021-09-24,420.83294677734375,62094800
2021-09-27,419.6289978027344,61371100
2021-09-28,411.17266845703125,130436300
2021-09-29,411.8647155761719,82329200
2021-09-30,406.83074951171875,140506000
2021-10-01,411.6656494140625,129240100
2021-10-04,406.3568115234375,128570000
2021-10-05,410.5849914550781,90682500
2021-10-06,412.2913818359375,113032200
2021-10-07,415.85595703125,72437500
2021-10-08,415.0974426269531,74557400
2021-10-11,412.09228515625,65233300
2021-10-12,411.077880859375,71181200
2021-10-13,412.5567932128906,72974000
2021-10-14,419.4962463378906,70236800
2021-10-15,422.6910400390625,66260200
2021-10-18,423.94244384765625,62213200
2021-10-19,427.21307373046875,46996800
2021-10-20,428.8910827636719,49571600
2021-10-21,430.0096435546875,41305400
2021-10-22,429.5641174316406,58845100
2021-10-25,431.8678283691406,45214500
2021-10-26,432.25653076171875,56075100
2021-10-27,430.3415222167969,72438000
2021-10-28,434.49383544921875,51437900
2021-10-29,435.3754577636719,70162400
2021-11-01,436.1244201660156,48433600
2021-11-02,437.8877258300781,48908400
2021-11-03,440.5610656738281,52509800
2021-11-04,442.6373291015625,52847100
2021-11-05,444.1730651855469,66390600
2021-11-08,444.5522155761719,50405200
2021-11-09,443.08282470703125,51149100
2021-11-10,439.518310546875,69429700
2021-11-11,439.6605529785156,34848500
2021-11-12,442.9785461425781,53466700
2021-11-15,443.1302490234375,46980500
2021-11-16,444.88409423828125,48857500
2021-11-17,443.8033447265625,47858300
2021-11-18,445.3106689453125,50625600
2021-11-19,444.5143127441406,57315600
2021-11-22,443.2629699707031,72762000
2021-11-23,443.8507385253906,73206500
2021-11-24,445.0357666015625,61858800
2021-11-26,435.11004638671875,112669600
2021-11-29,440.4473876953125,86268800
2021-11-30,431.8773193359375,148559600
2021-12-01,427.0802917480469,131939200
2021-12-02,433.6216735839844,127637800
2021-12-03,429.84857177734375,137331600
2021-12-06,434.93939208984375,98977500
2021-12-07,443.93603515625,95484700
2021-12-08,445.1116027832031,72238800
2021-12-09,442.1064147949219,61272600
2021-12-10,446.2681579589844,77159800
2021-12-13,442.31500244140625,87724700
2021-12-14,439.27178955078125,97264100
2021-12-15,446.135498046875,116899300
2021-12-16,442.201171875,116568600
2021-12-17,437.494873046875,135511600
2021-12-20,432.8428649902344,107134800
2021-12-21,440.52972412109375,69806300
2021-12-22,444.93438720703125,58890200
2021-12-23,447.7028503417969,56439700
2021-12-27,454.038818359375,56808600
2021-12-28,453.66778564453125,47274600
2021-12-29,454.2481384277344,54503000
2021-12-30,452.9923095703125,55329000
2021-12-31,451.8506774902344,65237400
2022-01-03,454.46685791015625,72668200
2022-01-04,454.3146057128906,71178700
2022-01-05,445.5908508300781,104538900
2022-01-06,445.1722717285156,86858900
2022-01-07,443.4122619628906,85111600
2022-01-10,442.8604736328125,119362000
2022-01-11,446.89422607421875,74303100
2022-01-12,448.10235595703125,67605400
2022-01-13,441.9281921386719,91173100
2022-01-14,442.10894775390625,95890900
2022-01-18,434.279296875,109709100
2022-01-19,429.7699890136719,109357600
2022-01-20,425.0132751464844,122379700
2022-01-21,416.669921875,202271200
2022-01-24,418.439453125,251783900
2022-01-25,413.33074951171875,167997300
2022-01-26,412.2937927246094,186391100
2022-01-27,410.25787353515625,149878300
2022-01-28,420.4468688964844,164457400
2022-01-31,428.0195007324219,152251400
2022-02-01,430.9115905761719,123155400
2022-02-02,435.0975341796875,117361000
2022-02-03,424.87054443359375,118024400
2022-02-04,426.8684997558594,118454400
2022-02-07,425.49847412109375,84472900
2022-02-08,428.99932861328125,81012000
2022-02-09,435.27825927734375,92589900
2022-02-10,427.45819091796875,140103700
2022-02-11,419.02923583984375,153214600
2022-02-14,417.65936279296875,123006300
2022-02-15,424.3948974609375,88482700
2022-02-16,424.87054443359375,84863600
2022-02-17,415.7947082519531,102259100
2022-02-18,413.10247802734375,132642900
2022-02-22,408.6691589355469,124391800
2022-02-23,401.41998291015625,132578000
2022-02-24,407.4609375,213942900
2022-02-25,416.4511413574219,121804500
2022-02-28,415.3857421875,145615000
2022-03-01,409.0592041015625,137785900
2022-03-02,416.5843811035156,117726500
2022-03-03,414.5103759765625,105501700
2022-03-04,411.1427307128906,113978200
2022-03-07,399.0225524902344,137896600
2022-03-08,395.99725341796875,164772700
2022-03-09,406.6142578125,116990800
2022-03-10,404.77813720703125,93972700
2022-03-11,399.6313781738281,95636300
2022-03-14,396.7107238769531,95729200
2022-03-15,405.4346008300781,106219100
2022-03-16,414.4248046875,144954800
2022-03-17,419.609619140625,102676900
2022-03-18,424.20550537109375,106345500
2022-03-21,424.08154296875,88349800
2022-03-22,429.04376220703125,74650400
2022-03-23,423.5184020996094,79426100
2022-03-24,429.9027404785156,64736900
2022-03-25,432.0021667480469,77101300
2022-03-28,435.0750427246094,68529800
2022-03-29,440.457275390625,86581500
2022-03-30,437.73748779296875,79666900
2022-03-31,431.00018310546875,121699900
2022-04-01,432.2217102050781,89048800
2022-04-04,435.9243469238281,59601000
2022-04-05,430.4180603027344,74214500
2022-04-06,426.1141357421875,106898000
2022-04-07,428.2613525390625,78097200
2022-04-08,427.1161804199219,79272700
2022-04-11,419.815673828125,89770500
2022-04-12,418.26025390625,84363600
2022-04-13,423.05078125,74070400
2022-04-14,417.7830810546875,97869500
2022-04-18,417.9548034667969,66002500
2022-04-19,424.7016906738281,77821000
2022-04-20,424.3868713378906,65224400
2022-04-21,418.0407409667969,85417300
2022-04-22,406.570068359375,132471800
2022-04-25,408.92718505859375,119647700
2022-04-26,397.0843811035156,103996300
2022-04-27,398.20086669921875,122030000
2022-04-28,408.2591857910156,105449100
2022-04-29,393.1716613769531,145491100
2022-05-02,395.5383605957031,158312500
2022-05-03,397.3515625,100028200
2022-05-04,409.4520263671875,144247900
2022-05-05,394.89898681640625,172929100
2022-05-06,392.54180908203125,151770800
2022-05-09,379.9737548828125,155586100
2022-05-10,380.8516845703125,132497200
2022-05-11,374.8013916015625,142361000
2022-05-12,374.4101867675781,125090800
2022-05-13,383.3615417480469,104174400
2022-05-16,381.80596923828125,78622400
2022-05-17,389.65985107421875,83029700
2022-05-18,373.9519958496094,117674500
2022-05-19,371.6617736816406,98510700
2022-05-20,371.823974609375,131432200
2022-05-23,378.7808532714844,76414900
2022-05-24,375.88934326171875,91448800
2022-05-25,379.21026611328125,91472900
2022-05-26,386.7874450683594,82168300
2022-05-27,396.28271484375,84768700
2022-05-31,394.0592346191406,95937000
2022-06-01,390.871826171875,86585800
2022-06-02,398.31536865234375,79609600
2022-06-03,391.7784118652344,71874300
2022-06-06,392.9713134765625,57508900
2022-06-07,396.74072265625,59272400
2022-06-08,392.4273681640625,64350000
2022-06-09,383.09429931640625,86289800
2022-06-10,371.98614501953125,132893900
2022-06-13,357.8625793457031,170004900
2022-06-14,356.78424072265625,104011800
2022-06-15,361.87066650390625,125666800
2022-06-16,349.8941650390625,134473300
2022-06-17,350.6484375,111113900
2022-06-21,359.47552490234375,76811900
2022-06-22,358.8238525390625,90059400
2022-06-23,362.3411560058594,79292100
2022-06-24,373.8614501953125,98050300
2022-06-27,372.4333801269531,66009600
2022-06-28,364.82354736328125,86548900
2022-06-29,364.5264587402344,65676000
2022-06-30,361.56488037109375,112508300
2022-07-01,365.3890075683594,74839700
2022-07-05,366.0790100097656,81438000
2022-07-06,367.3153991699219,70426200
2022-07-07,372.8167724609375,64525900
2022-07-08,372.51007080078125,72397800
2022-07-11,368.2546691894531,58366900
2022-07-12,364.99603271484375,62219200
2022-07-13,363.07916259765625,84224600
2022-07-14,362.1974792480469,89704800
2022-07-15,369.1173095703125,79060400
2022-07-18,366.0694885253906,63203600
2022-07-19,375.96038818359375,78506000
2022-07-20,378.3564758300781,71843800
2022-07-21,382.2093200683594,64903900
2022-07-22,378.66314697265625,72197300
2022-07-25,379.1231689453125,53631500
2022-07-26,374.6377868652344,52946400
2022-07-27,384.36578369140625,82342100
2022-07-28,389.1866455078125,73966600
2022-07-29,394.8605041503906,87003700
2022-08-01,393.6911926269531,69997500
2022-08-02,391.0939025878906,63435400
2022-08-03,397.2181701660156,67820600
2022-08-04,396.94989013671875,45656600
2022-08-05,396.2789306640625,56814900
2022-08-08,395.81890869140625,53886100
2022-08-09,394.2471008300781,44931800
2022-08-10,402.5278015136719,68665700
2022-08-11,402.5278015136719,59489700
2022-08-12,409.3422546386719,61694500
2022-08-15,411.0290222167969,54048300
2022-08-16,411.8341369628906,59289000
2022-08-17,408.91094970703125,63563400
2022-08-18,410.0994567871094,49023200
2022-08-19,404.5885009765625,68016900
2022-08-22,396.1639404296875,77695600
2022-08-23,395.2055358886719,49105200
2022-08-24,396.4706726074219,49177800
2022-08-25,402.06781005859375,50942300
2022-08-26,388.458251953125,103087000
2022-08-29,385.8896484375,65370800
2022-08-30,381.6534423828125,85652400
2022-08-31,378.7493591308594,76029700
2022-09-01,379.9378662109375,78740100
2022-09-02,375.931640625,99632100
2022-09-06,374.51318359375,76637400
2022-09-07,381.2413024902344,70964200
2022-09-08,383.73321533203125,80821700
2022-09-09,389.694580078125,76706900
2022-09-12,393.8829040527344,69256300
2022-09-13,376.7558898925781,122947100
2022-09-14,378.19354248046875,85023700
2022-09-15,373.8997802734375,87633800
2022-09-16,371.0473327636719,103084800
2022-09-19,373.9248046875,73278500
2022-09-20,369.6326904296875,77274900
2022-09-21,363.18487548828125,106746600
2022-09-22,360.1341857910156,89472600
2022-09-23,354.1001892089844,122346900
2022-09-26,350.5971984863281,92581200
2022-09-27,349.7021789550781,108294100
2022-09-28,356.5831298828125,110802200
2022-09-29,349.1343994140625,112952300
2022-09-30,343.735595703125,153711200
2022-10-03,352.81060791015625,89756500
2022-10-04,363.7429504394531,103602800
2022-10-05,362.8961486816406,88065700
2022-10-06,359.1526184082031,82333500
2022-10-07,349.1343994140625,107789500
2022-10-10,346.4686279296875,76042800
2022-10-11,344.27447509765625,92482800
2022-10-12,343.138916015625,76991800
2022-10-13,352.1947021484375,147254500
2022-10-14,344.16864013671875,123737000
2022-10-17,353.0127868652344,93168200
2022-10-18,357.16046142578125,97162900
2022-10-19,354.62945556640625,79746900
2022-10-20,351.65582275390625,88283100
2022-10-21,360.2015380859375,131038400
2022-10-24,364.609130859375,85436900
2022-10-25,370.43145751953125,78846300
2022-10-26,367.6405944824219,104087300
2022-10-27,365.6773986816406,81971800
2022-10-28,374.3771057128906,100302000
2022-10-31,371.6728820800781,96631300
2022-11-01,370.04644775390625,85407600
2022-11-02,360.759765625,126990400
2022-11-03,357.0450744628906,87100100
2022-11-04,362.18402099609375,103505200
2022-11-07,365.6485290527344,68286900
2022-11-08,367.62139892578125,84641100
2022-11-09,360.04754638671875,78495500
2022-11-10,379.83367919921875,141455800
2022-11-11,383.5098876953125,93839900
2022-11-14,380.2474670410156,71903500
2022-11-15,383.4906311035156,93194500
2022-11-16,380.56512451171875,68508500
2022-11-17,379.4006042480469,74496300
2022-11-18,381.123291015625,92922500
2022-11-21,379.7374267578125,51243200
2022-11-22,384.8475646972656,60429000
2022-11-23,387.272705078125,68261600
2022-11-25,387.1861572265625,30545400
2022-11-28,381.00775146484375,67881600
2022-11-29,380.3533935546875,52310000
2022-11-30,392.334716796875,144566700
2022-12-01,392.0460510253906,76398200
2022-12-02,391.59375,85342700
2022-12-05,384.54925537109375,77289800
2022-12-06,379.00604248046875,77972200
2022-12-07,378.36126708984375,65927900
2022-12-08,381.3253173828125,60737900
2022-12-09,378.47674560546875,81447700
2022-12-12,383.933349609375,75405800
2022-12-13,386.8396301269531,123782500
2022-12-14,384.3663635253906,108111300
2022-12-15,374.9642028808594,117705900
2022-12-16,370.53729248046875,119858000
2022-12-19,367.39520263671875,79878100
2022-12-20,367.8979797363281,74427200
2022-12-21,373.39898681640625,78167400
2022-12-22,368.0719299316406,100120900
2022-12-23,370.1892395019531,59857300
2022-12-27,368.72943115234375,51638200
2022-12-28,364.1468811035156,70911500
2022-12-29,370.7016296386719,66970900
2022-12-30,369.72515869140625,84022200
2023-01-03,368.16864013671875,74850700
2023-01-04,371.0110168457031,85934100
2023-01-05,366.7765197753906,76970500
2023-01-06,375.1875,104189600
2023-01-09,374.9747619628906,73978100
2023-01-10,377.60443115234375,65358100
2023-01-11,382.3802795410156,68881100
2023-01-12,383.7724609375,90157700
2023-01-13,385.26129150390625,63903900
2023-01-17,384.5555725097656,62677300
2023-01-18,378.48419189453125,99632300
2023-01-19,375.7288513183594,86958900
2023-01-20,382.72833251953125,91806400
2023-01-23,387.3205871582031,84178800
2023-01-24,386.90484619140625,59524900
2023-01-25,387.04986572265625,84800300
2023-01-26,391.30364990234375,72287400
2023-01-27,392.2027282714844,68346200
2023-01-30,387.2818908691406,74202000
2023-01-31,392.9761962890625,86811800
2023-02-01,397.1526794433594,101459200
2023-02-02,402.9340515136719,101654500
2023-02-03,398.65118408203125,94736800
2023-02-06,396.2148742675781,60295300
2023-02-07,401.3968811035156,90990700
2023-02-08,397.0077209472656,76227500
2023-02-09,393.56591796875,78694900
2023-02-10,394.4844055175781,70769700
2023-02-13,399.115234375,64913500
2023-02-14,398.9315490722656,88389300
2023-02-15,400.2270202636719,61555700
2023-02-16,394.7164306640625,76431500
2023-02-17,393.7303466796875,89257800
2023-02-21,385.83172607421875,82655900
2023-02-22,385.2999572753906,83742300
2023-02-23,387.34954833984375,96242400
2023-02-24,383.21173095703125,108194400
2023-02-27,384.5168762207031,80444700
2023-02-28,383.09576416015625,96438600
2023-03-01,381.626220703125,99706800
2023-03-02,384.5942687988281,85127800
2023-03-03,390.7622985839844,90120000
2023-03-06,391.0329895019531,72795900
2023-03-07,385.0389404296875,108310600
2023-03-08,385.6673583984375,74746600
2023-03-09,378.5518798828125,111945300
2023-03-10,373.089599609375,189253000
2023-03-13,372.5578308105469,157790000
2023-03-14,378.71630859375,149752400
2023-03-15,376.34759521484375,172996900
2023-03-16,382.9507141113281,143254200
2023-03-17,378.47296142578125,140553400
2023-03-20,382.1122131347656,93055800
2023-03-21,387.1295471191406,91524200
2023-03-22,380.5303955078125,111746600
2023-03-23,381.5589904785156,119351300
2023-03-24,384.0628967285156,107682400
2023-03-27,384.7810363769531,74010400
2023-03-28,383.9173278808594,62871700
2023-03-29,389.4974670410156,77497900
2023-03-30,391.778076171875,69840000
2023-03-31,397.300048828125,112062600
2023-04-03,398.8139953613281,67391100
2023-04-04,396.6013488769531,66601500
2023-04-05,395.5629577636719,65200200
2023-04-06,397.1059875488281,63743300
2023-04-10,397.5135498046875,63681000
2023-04-11,397.6203308105469,59297900
2023-04-12,395.9996337890625,86420400
2023-04-13,401.2596130371094,85814800
2023-04-14,400.2794189453125,78161500
2023-04-17,401.7156982421875,66436400
2023-04-18,401.97772216796875,63560000
2023-04-19,401.9097900390625,55227300
2023-04-20,399.716552734375,75840400
2023-04-21,400.0271301269531,73457400
2023-04-24,400.4444274902344,64332100
2023-04-25,394.0877990722656,97766700
2023-04-26,392.4186096191406,80447000
2023-04-27,400.2308654785156,92968400
2023-04-28,403.64691162109375,89433100
2023-05-01,403.2393493652344,62122300
2023-05-02,398.707275390625,103998500
2023-05-03,395.97052001953125,91531800
2023-05-04,393.1658630371094,94901900
2023-05-05,400.4444274902344,87891800
2023-05-08,400.5511779785156,50046800
2023-05-09,398.79461669921875,49220100
2023-05-10,400.6578674316406,96142900
2023-05-11,399.95916748046875,70157100
2023-05-12,399.43511962890625,70481500
2023-05-15,400.8131408691406,54289400
2023-05-16,398.1346130371094,57705500
2023-05-17,402.9676208496094,87287000
2023-05-18,406.8494567871094,97177200
2023-05-19,406.2574768066406,103793300
2023-05-22,406.4225158691406,60745400
2023-05-23,401.86126708984375,86383500
2023-05-24,398.9498596191406,89213700
2023-05-25,402.40472412109375,90961600
2023-05-26,407.61614990234375,93830000
2023-05-30,407.77142333984375,72216000
2023-05-31,405.51025390625,110811800
2023-06-01,409.3630065917969,88865000
2023-06-02,415.28289794921875,91426200
2023-06-05,414.4870910644531,65460200
2023-06-06,415.3895568847656,64022200
2023-06-07,413.95330810546875,85373300
2023-06-08,416.4571228027344,61952800
2023-06-09,417.2043762207031,85742800
2023-06-12,420.98919677734375,76104300
2023-06-13,423.7647399902344,95899700
2023-06-14,424.2693786621094,100612100
2023-06-15,429.5293273925781,110303100
2023-06-16,428.0662841796875,114165800
2023-06-20,425.8453674316406,76160400
2023-06-21,423.6634216308594,76982300
2023-06-22,425.1927490234375,70637200
2023-06-23,421.9783020019531,92074500
2023-06-26,420.25421142578125,72823600
2023-06-27,424.8616027832031,72813700
2023-06-28,425.075927734375,75636000
2023-06-29,426.75128173828125,67882300
2023-06-30,431.7872009277344,104964000
2023-07-03,432.28399658203125,32793400
2023-07-05,431.6410827636719,58418400
2023-07-06,428.2610778808594,80658300
2023-07-07,427.17987060546875,86134200
2023-07-10,428.2610778808594,62443500
2023-07-11,430.98846435546875,64463800
2023-07-12,434.4562072753906,91924500
2023-07-13,437.9043884277344,72425200
2023-07-14,437.63165283203125,69815800
2023-07-17,439.1512451171875,52680200
2023-07-18,442.41436767578125,80668200
2023-07-19,443.3982238769531,65891700
2023-07-20,440.4564514160156,70591600
2023-07-21,440.4564514160156,71275600
2023-07-24,442.42413330078125,54023400
2023-07-25,443.6319885253906,55191200
2023-07-26,443.7001953125,71052900
2023-07-27,440.7584533691406,92194400
2023-07-28,445.0736083984375,80011800
2023-07-31,445.9210205078125,62040400
2023-08-01,444.6449890136719,55291500
2023-08-02,438.45965576171875,93933400
2023-08-03,437.2030334472656,64276100
2023-08-04,435.22576904296875,100128900
2023-08-07,439.02459716796875,58357500
2023-08-08,437.1153869628906,71361300
2023-08-09,434.1932067871094,78789600
2023-08-10,434.3490295410156,93005500
2023-08-11,434.0957946777344,68690900
2023-08-14,436.49200439453125,47867400
2023-08-15,431.4073486328125,75707500
2023-08-16,428.24163818359375,80107200
2023-08-17,424.97845458984375,95711300
2023-08-18,425.1829833984375,98852000
2023-08-21,427.9493408203125,68719000
2023-08-22,426.79022216796875,64994200
2023-08-23,431.5436706542969,68441000
2023-08-24,425.56292724609375,88517300
2023-08-25,428.56304931640625,102325100
2023-08-28,431.2807312011719,61595400
2023-08-29,437.5148010253906,83081900
2023-08-30,439.31683349609375,69053900
2023-08-31,438.6739196777344,66084600
2023-09-01,439.49212646484375,58944100
2023-09-05,437.5926818847656,55166200
2023-09-06,434.6509704589844,70758500
2023-09-07,433.3164978027344,70355400
2023-09-08,433.9691162109375,61659700
2023-09-11,436.8232116699219,60180100
2023-09-12,434.4269714355469,67565400
2023-09-13,434.9334716796875,60199300
2023-09-14,438.68365478515625,83430800
2023-09-15,433.39825439453125,111848900
2023-09-18,433.65240478515625,55752200
2023-09-19,432.7530822753906,66514600
2023-09-20,428.7746276855469,82562600
2023-09-21,421.6877136230469,104095800
2023-09-22,420.7395324707031,100829700
2023-09-25,422.5088195800781,70874500
2023-09-26,416.3016662597656,96168400
2023-09-27,416.4678039550781,104705800
2023-09-28,418.88226318359375,92258300
2023-09-29,417.86566162109375,115111300
2023-10-02,417.6994934082031,83798600
2023-10-03,412.10809326171875,103760600
2023-10-04,415.1090393066406,87453000
2023-10-05,414.9526672363281,70142700
2023-10-06,419.8793029785156,113273300
2023-10-09,422.5674743652344,80374400
2023-10-10,424.7668762207031,78607300
2023-10-11,426.5068054199219,62451700
2023-10-12,423.9066467285156,81154200
2023-10-13,421.79522705078125,95143100
2023-10-16,426.233154296875,75433200
2023-10-17,426.213623046875,75324700
2023-10-18,420.53424072265625,93559800
2023-10-19,416.8392639160156,121323000
2023-10-20,411.71710205078125,123919900
2023-10-23,411.0035095214844,92035100
2023-10-24,414.1022033691406,78564200
2023-10-25,408.1589660644531,94223200
2023-10-26,403.2714538574219,115156800
2023-10-27,401.4434814453125,107367700
2023-10-30,406.2430419921875,86562700
2023-10-31,408.79437255859375,79665200
2023-11-01,413.154052734375,98068100
2023-11-02,421.0718688964844,94938900
2023-11-03,424.9134826660156,100167800
2023-11-06,425.8910217285156,67831700
2023-11-07,427.10308837890625,64256100
2023-11-08,427.4159240722656,61746000
2023-11-09,424.0826110839844,83174400
2023-11-10,430.7003479003906,89462200
2023-11-13,430.289794921875,52236100
2023-11-14,438.63775634765625,97176900
2023-11-15,439.56634521484375,77327600
2023-11-16,440.10394287109375,66665800
2023-11-17,440.6513977050781,83133200
2023-11-20,444.0433349609375,69936200
2023-11-21,443.0755615234375,49244600
2023-11-22,444.7862243652344,59394900
2023-11-24,445.0599670410156,29737400
2023-11-27,444.2584228515625,50506000
2023-11-28,444.6982727050781,62115000
2023-11-29,444.385498046875,63146000
2023-11-30,446.13519287109375,79752700
2023-12-01,448.77447509765625,89183400
2023-12-04,446.418701171875,72430900
2023-12-05,446.3307189941406,69793500
2023-12-06,444.5321044921875,69124700
2023-12-07,447.924072265625,66995400
2023-12-08,449.8497009277344,83194400
2023-12-11,451.5994873046875,65002200
2023-12-12,453.66204833984375,68327600
2023-12-13,459.9180603027344,93278000
2023-12-14,461.3941650390625,119026000
2023-12-15,460.6344299316406,141553700
2023-12-18,463.2255859375,70375300
2023-12-19,466.0423889160156,55761800
2023-12-20,459.5842590332031,102921000
2023-12-21,463.9420471191406,86667500
2023-12-22,464.8744201660156,67160400
2023-12-26,466.83734130859375,55387000
2023-12-27,467.6814270019531,68000300
2023-12-28,467.8581237792969,77158100
2023-12-29,466.5036926269531,122283100
